INCIDENT_NUMBER,OFFENSE_CODE,OFFENSE_CODE_GROUP,OFFENSE_DESCRIPTION,DISTRICT,REPORTING_AREA,SHOOTING,OCCURRED_ON_DATE,YEAR,MONTH,DAY_OF_WEEK,HOUR,UCR_PART,STREET,Lat,Long,Location
212021001,619,,LARCENY ALL OTHERS,B2,181,0,2021-01-01 00:00:00,2021,1,Friday,0,,"ALLERTON ST & MAGAZINE ST ROXBURY  MA 02119 UNITED",42.327550999587764,-71.0691619893362,"(42.327550999587764, -71.0691619893362)"
212025963,3201,,PROPERTY - LOST/ MISSING,B3,465,0,2021-01-01 00:00:00,2021,1,Friday,0,,WHITFIELD ST,42.28482576580488,-71.09137368938802,"(42.28482576580488, -71.09137368938802)"
212022379,1102,,FRAUD - FALSE PRETENSE / SCHEME,C6,574,0,2021-01-01 00:00:00,2021,1,Friday,0,,MARINE RD,42.30971856767274,-71.10429431787648,"(42.30971856767274, -71.10429431787648)"
212019050,615,,LARCENY THEFT OF MV PARTS & ACCESSORIES,A1,77,0,2021-01-01 00:00:00,2021,1,Friday,0,,STANIFORD ST,42.361838566564714,-71.05976489094158,"(42.361838566564714, -71.05976489094158)"
212019422,3115,,INVESTIGATE PERSON,B3,355,0,2021-01-01 00:00:00,2021,1,Friday,0,,FULLER ST,42.29755532959655,-71.05970910242573,"(42.29755532959655, -71.05970910242573)"
212058122,1102,,FRAUD - FALSE PRETENSE / SCHEME,B2,282,0,2021-01-01 00:00:00,2021,1,Friday,0,,WASHINGTON ST,42.32866283555608,-71.08563401183545,"(42.32866283555608, -71.08563401183545)"
212032563,1102,,FRAUD - FALSE PRETENSE / SCHEME,B3,465,0,2021-01-01 00:00:00,2021,1,Friday,0,,BLUE HILL AVE,42.28482576580488,-71.09137368938802,"(42.28482576580488, -71.09137368938802)"
212006298,1107,,FRAUD - IMPERSONATION,C11,355,0,2021-01-01 00:00:00,2021,1,Friday,0,,RIDGEWOOD ST,42.29755532959655,-71.05970910242573,"(42.29755532959655, -71.05970910242573)"
212008707,1102,,FRAUD - FALSE PRETENSE / SCHEME,B3,691,0,2021-01-01 00:00:00,2021,1,Friday,0,,GREENOCK ST,42.28709355259107,-71.14822128377165,"(42.28709355259107, -71.14822128377165)"
212000092,1402,,VANDALISM,A1,86,0,2021-01-01 00:00:00,2021,1,Friday,0,,SALEM ST,42.36339790491148,-71.05600208188557,"(42.36339790491148, -71.05600208188557)"
212000139,1402,,VANDALISM,A1,81,0,2021-01-01 00:00:00,2021,1,Friday,0,,MICHELANGELO ST,42.36708889938305,-71.05481065438025,"(42.36708889938305, -71.05481065438025)"
212009093,3114,,INVESTIGATE PROPERTY,B2,289,0,2021-01-01 00:00:00,2021,1,Friday,0,,SCHROEDER PLZ,42.33367921810846,-71.09187754618458,"(42.33367921810846, -71.09187754618458)"
212002295,617,,LARCENY THEFT FROM BUILDING,B2,282,0,2021-01-01 00:00:00,2021,1,Friday,0,,BILODEAU RD,42.32866283555608,-71.08563401183545,"(42.32866283555608, -71.08563401183545)"
212013148,1102,,FRAUD - FALSE PRETENSE / SCHEME,B3,465,0,2021-01-01 00:00:00,2021,1,Friday,0,,BLUE HILL AVE,42.28482576580488,-71.09137368938802,"(42.28482576580488, -71.09137368938802)"
212012584,1102,,FRAUD - FALSE PRETENSE / SCHEME,E5,691,0,2021-01-01 00:00:00,2021,1,Friday,0,,MAXFIELD ST,42.28709355259107,-71.14822128377165,"(42.28709355259107, -71.14822128377165)"
212012955,1107,,FRAUD - IMPERSONATION,D4,131,0,2021-01-01 00:00:00,2021,1,Friday,0,,MARLBOROUGH ST,42.35433642633503,-71.07323766559495,"(42.35433642633503, -71.07323766559495)"
212012331,3201,,PROPERTY - LOST/ MISSING,C11,823,0,2021-01-01 00:00:00,2021,1,Friday,0,,PLEASANT ST,42.310166177022396,-71.05991041996009,"(42.310166177022396, -71.05991041996009)"
212010228,2670,,HARASSMENT/ CRIMINAL HARASSMENT,D4,167,0,2021-01-01 00:00:00,2021,1,Friday,0,,W NEWTON ST,42.33954198983014,-71.06940876967543,"(42.33954198983014, -71.06940876967543)"
212015892,1107,,FRAUD - IMPERSONATION,B2,304,0,2021-01-01 00:00:00,2021,1,Friday,0,,ACADEMY TER,42.320822208165886,-71.09731506282533,"(42.320822208165886, -71.09731506282533)"
212000015,801,,ASSAULT - SIMPLE,D14,800,0,2021-01-01 00:15:00,2021,1,Friday,0,,LINDEN ST,42.35434153693682,-71.13031633326685,"(42.35434153693682, -71.13031633326685)"
212000005,3115,,INVESTIGATE PERSON,D4,151,0,2021-01-01 00:17:00,2021,1,Friday,0,,WARREN AVE,42.345163502774504,-71.07129114272695,"(42.345163502774504, -71.07129114272695)"
212000011,3108,,FIRE REPORT,B2,258,0,2021-01-01 00:20:00,2021,1,Friday,0,,DUDLEY ST,42.318522948721046,-71.06865845549133,"(42.318522948721046, -71.06865845549133)"
212000034,3114,,INVESTIGATE PROPERTY,B2,305,0,2021-01-01 00:34:00,2021,1,Friday,0,,WALNUT AVE,42.319660349445535,-71.08946895909922,"(42.319660349445535, -71.08946895909922)"
212000010,423,,ASSAULT - AGGRAVATED,C6,915,0,2021-01-01 01:07:00,2021,1,Friday,1,,COLUMBIA RD,42.330368900402206,-71.04865769729125,"(42.330368900402206, -71.04865769729125)"
212000033,3115,,INVESTIGATE PERSON,E13,930,0,2021-01-01 01:29:00,2021,1,Friday,1,,COLUMBUS AVE,42.315068980494324,-71.09746579411993,"(42.315068980494324, -71.09746579411993)"
212000012,3114,,INVESTIGATE PROPERTY,B2,182,1,2021-01-01 01:29:00,2021,1,Friday,1,,BATCHELDER ST,42.323116041590886,-71.06917229714358,"(42.323116041590886, -71.06917229714358)"
212000013,423,,ASSAULT - AGGRAVATED,B3,944,1,2021-01-01 01:30:00,2021,1,Friday,1,,AMES ST,42.28956987736902,-71.08510500569525,"(42.28956987736902, -71.08510500569525)"
212000241,619,,LARCENY ALL OTHERS,B3,437,0,2021-01-01 01:30:00,2021,1,Friday,1,,"DARLINGTON ST & SOUTHERN AVE DORCHESTER  MA 02124",42.289935974855894,-71.07609294267495,"(42.289935974855894, -71.07609294267495)"
212000063,3005,,SICK ASSIST,B2,920,0,2021-01-01 01:40:00,2021,1,Friday,1,,ELM HILL AVE,42.308017338561,-71.08870712241816,"(42.308017338561, -71.08870712241816)"
212000020,614,,LARCENY THEFT FROM MV - NON-ACCESSORY,E5,710,0,2021-01-01 01:45:00,2021,1,Friday,1,,CENTRE TERRACE,,,
212000304,3502,,MISSING PERSON - LOCATED,E13,316,0,2021-01-01 02:00:00,2021,1,Friday,2,,WALNUT AVE,42.31430469489802,-71.0939134818,"(42.31430469489802, -71.0939134818)"
212000021,3304,,NOISY PARTY/RADIO-NO ARREST,,476,0,2021-01-01 02:03:00,2021,1,Friday,2,,"1651 BLUE HILL AVE MATTAPAN  MA 02126 UNITED STATE",42.26817397260553,-71.09387677261341,"(42.26817397260553, -71.09387677261341)"
212000129,614,,LARCENY THEFT FROM MV - NON-ACCESSORY,C11,355,0,2021-01-01 02:06:00,2021,1,Friday,2,,GIBSON ST,42.29755532959655,-71.05970910242573,"(42.29755532959655, -71.05970910242573)"
212000030,3410,,TOWED MOTOR VEHICLE,C11,257,0,2021-01-01 02:08:00,2021,1,Friday,2,,ROWELL ST,42.31333949307123,-71.06424969860635,"(42.31333949307123, -71.06424969860635)"
212000026,3802,,M/V ACCIDENT - PROPERTY DAMAGE,B2,611,0,2021-01-01 02:13:00,2021,1,Friday,2,,"HUNTINGTON AVE & WAIT ST
ROXBURY  MA 02115
UNITED ",42.33349398710583,-71.10617304778474,"(42.33349398710583, -71.10617304778474)"
212000114,614,,LARCENY THEFT FROM MV - NON-ACCESSORY,B2,326,0,2021-01-01 02:30:00,2021,1,Friday,2,,BLUE HILL AVE,42.31358531888843,-71.07946551634043,"(42.31358531888843, -71.07946551634043)"
212000035,801,,ASSAULT - SIMPLE,C6, ,0,2021-01-01 02:43:00,2021,1,Friday,2,,MONSIGNOR DENNIS F O'CALLAGHAN WAY,42.324764943126674,-71.05340358862266,"(42.324764943126674, -71.05340358862266)"
212000038,520,,BURGLARY - RESIDENTIAL,D4,630,0,2021-01-01 02:50:00,2021,1,Friday,2,,MOUNTFORT ST,42.348480819788364,-71.10639860781639,"(42.348480819788364, -71.10639860781639)"
212000048,617,,LARCENY THEFT FROM BUILDING,C6,223,0,2021-01-01 02:51:00,2021,1,Friday,2,,E BROADWAY,42.33571838298385,-71.03025591966643,"(42.33571838298385, -71.03025591966643)"
212000031,614,,LARCENY THEFT FROM MV - NON-ACCESSORY,A7,26,0,2021-01-01 02:52:00,2021,1,Friday,2,,"BORDER ST & WHITE ST
EAST BOSTON  MA 02128
UNITED ",42.380518988174835,-71.04020596010983,"(42.380518988174835, -71.04020596010983)"
212000028,3115,,INVESTIGATE PERSON,C11,364,0,2021-01-01 02:55:00,2021,1,Friday,2,,DIX ST,42.29554104518399,-71.05928804882541,"(42.29554104518399, -71.05928804882541)"
212000036,3831,,M/V - LEAVING SCENE - PROPERTY DAMAGE,,313,0,2021-01-01 03:10:00,2021,1,Friday,3,,"HUMBOLDT AVE & TOWNSEND ST
ROXBURY  MA 02121
UNITE",42.31705600977197,-71.08652703810755,"(42.31705600977197, -71.08652703810755)"
212000061,301,,ROBBERY,C6,200,0,2021-01-01 03:15:00,2021,1,Friday,3,,MONSIGNOR DENNIS F. O'CALLAGHAN WAY,42.341287504390436,-71.05467932649397,"(42.341287504390436, -71.05467932649397)"
212000044,1402,,VANDALISM,A7, ,0,2021-01-01 03:25:00,2021,1,Friday,3,,"PUTNAM ST & BREMEN ST
EAST BOSTON  MA 02128
UNITED",42.376577989033265,-71.02993903560991,"(42.376577989033265, -71.02993903560991)"
212000040,3114,,INVESTIGATE PROPERTY,C11,334,1,2021-01-01 03:28:00,2021,1,Friday,3,,WARE ST,42.31153822707624,-71.06623272344638,"(42.31153822707624, -71.06623272344638)"
212000039,3114,,INVESTIGATE PROPERTY,C11, ,0,2021-01-01 03:40:00,2021,1,Friday,3,,HANCOCK ST,42.311762969736904,-71.06324161446179,"(42.311762969736904, -71.06324161446179)"
212000042,801,,ASSAULT - SIMPLE,E18,951,0,2021-01-01 03:48:00,2021,1,Friday,3,,RIVER ST,42.26361744517119,-71.10237386941726,"(42.26361744517119, -71.10237386941726)"
212000046,3115,,INVESTIGATE PERSON,D4,151,0,2021-01-01 04:09:00,2021,1,Friday,4,,BERKELEY ST,42.34605509940009,-71.07050668550119,"(42.34605509940009, -71.07050668550119)"
212000047,423,,ASSAULT - AGGRAVATED,E18, ,1,2021-01-01 04:42:00,2021,1,Friday,4,,"WALK HILL ST & HARVARD ST
MATTAPAN  MA 02126
UNITE",42.2823189944733,-71.09961405143694,"(42.2823189944733, -71.09961405143694)"
212000053,801,,ASSAULT - SIMPLE,,312,0,2021-01-01 04:52:00,2021,1,Friday,4,,HOLWORTHY ST,42.316321305820594,-71.08923049704752,"(42.316321305820594, -71.08923049704752)"
212000052,301,,ROBBERY,A7,27,0,2021-01-01 04:59:00,2021,1,Friday,4,,PARIS ST,42.369465782986865,-71.04037491856829,"(42.369465782986865, -71.04037491856829)"
212000060,1402,,VANDALISM,B3,455,1,2021-01-01 05:01:00,2021,1,Friday,5,,NORWELL ST,42.30195045244791,-71.07798087525897,"(42.30195045244791, -71.07798087525897)"
212000051,3301,,VERBAL DISPUTE,C11,370,0,2021-01-01 05:04:00,2021,1,Friday,5,,WILLIAM T MORRISSEY BLVD,42.29507165880547,-71.04749708873936,"(42.29507165880547, -71.04749708873936)"
212000050,2662,,BALLISTICS EVIDENCE/FOUND,C11,336,1,2021-01-01 05:11:00,2021,1,Friday,5,,COLUMBIA RD,42.3096916863878,-71.07285868191235,"(42.3096916863878, -71.07285868191235)"
212000059,3803,,M/V ACCIDENT - PERSONAL INJURY,E18,533,0,2021-01-01 05:25:00,2021,1,Friday,5,,RIVER ST,42.24806162559845,-71.13269023317704,"(42.24806162559845, -71.13269023317704)"
212000062,3115,,INVESTIGATE PERSON,E18,533,0,2021-01-01 05:29:00,2021,1,Friday,5,,READVILLE ST,42.24525123565882,-71.13465320786364,"(42.24525123565882, -71.13465320786364)"
212000066,3830,,M/V - LEAVING SCENE - PERSONAL INJURY,B3, ,0,2021-01-01 05:30:00,2021,1,Friday,5,,"MORTON ST & LESTON ST
DORCHESTER  MA 02124
UNITED ",42.283858021140055,-71.08955203658314,"(42.283858021140055, -71.08955203658314)"
212000070,3802,,M/V ACCIDENT - PROPERTY DAMAGE,E13,912,0,2021-01-01 05:40:00,2021,1,Friday,5,,HEATH ST,42.32513050637361,-71.09940814578592,"(42.32513050637361, -71.09940814578592)"
212000065,3005,,SICK ASSIST,A1,127,0,2021-01-01 05:53:00,2021,1,Friday,5,,WASHINGTON ST,42.348760866298825,-71.06408260846482,"(42.348760866298825, -71.06408260846482)"
212000073,3801,,M/V ACCIDENT - OTHER,A7,12,0,2021-01-01 06:08:00,2021,1,Friday,6,,"BOARDMAN ST & WILLIAM F MCCLELLAN HWY
EAST BOSTON ",42.39147300710483,-71.01306201180171,"(42.39147300710483, -71.01306201180171)"
212000145,3831,,M/V - LEAVING SCENE - PROPERTY DAMAGE,B2,288,0,2021-01-01 06:15:00,2021,1,Friday,6,,ROXBURY ST,42.32952035449152,-71.08530640838333,"(42.32952035449152, -71.08530640838333)"
212000067,2610,,TRESPASSING,A1,112,0,2021-01-01 06:15:00,2021,1,Friday,6,,WASHINGTON ST,42.355123390368036,-71.06087979851635,"(42.355123390368036, -71.06087979851635)"
212000068,3114,,INVESTIGATE PROPERTY,E13, ,0,2021-01-01 06:25:00,2021,1,Friday,6,,"LAMARTINE ST & WYMAN ST
BOSTON  MA 02130
UNITED ST",42.31896203470843,-71.10354594954416,"(42.31896203470843, -71.10354594954416)"
212000071,3018,,SICK/INJURED/MEDICAL - POLICE,B3,465,0,2021-01-01 06:26:00,2021,1,Friday,6,,BLUE HILL AVE,42.28482576580488,-71.09137368938802,"(42.28482576580488, -71.09137368938802)"
212000072,3831,,M/V - LEAVING SCENE - PROPERTY DAMAGE,C11,334,0,2021-01-01 06:57:00,2021,1,Friday,6,,QUINCY ST,42.30887534260011,-71.06601231730536,"(42.30887534260011, -71.06601231730536)"
212000368,1810,,DRUGS - POSSESSION/ SALE/ MANUFACTURING/ USE,B2,282,0,2021-01-01 07:00:00,2021,1,Friday,7,,WASHINGTON ST,42.32866283555608,-71.08563401183545,"(42.32866283555608, -71.08563401183545)"
212000074,3005,,SICK ASSIST,A15,37,0,2021-01-01 07:26:00,2021,1,Friday,7,,MAIN ST,42.38415612246921,-71.07257287770697,"(42.38415612246921, -71.07257287770697)"
212000079,3410,,TOWED MOTOR VEHICLE,A7,22,0,2021-01-01 07:49:00,2021,1,Friday,7,,PARIS ST,42.374426972205306,-71.03527876301989,"(42.374426972205306, -71.03527876301989)"
212000075,3803,,M/V ACCIDENT - PERSONAL INJURY,B2,566,0,2021-01-01 07:54:00,2021,1,Friday,7,,"MAPLE ST & SEAVER ST
DORCHESTER  MA 02121
UNITED S",42.3066589993377,-71.08745196183949,"(42.3066589993377, -71.08745196183949)"
212005969,3001,,DEATH INVESTIGATION,D14,796,0,2021-01-01 08:00:00,2021,1,Friday,8,,COMMONWEALTH AVE,42.35034269234086,-71.13038206644046,"(42.35034269234086, -71.13038206644046)"
212000350,3201,,PROPERTY - LOST/ MISSING,A15,41,0,2021-01-01 08:00:00,2021,1,Friday,8,,O REILLY WAY,42.37663166813234,-71.05593195497872,"(42.37663166813234, -71.05593195497872)"
212035103,617,,LARCENY THEFT FROM BUILDING,A15,41,0,2021-01-01 08:00:00,2021,1,Friday,8,,VINE ST,42.37663166813234,-71.05593195497872,"(42.37663166813234, -71.05593195497872)"
212000077,2905,,VAL - VIOLATION OF AUTO LAW,B2, ,0,2021-01-01 08:05:00,2021,1,Friday,8,,"BLUE HILL AVE & SEAVER ST
ROXBURY  MA 02121
UNITED",42.30536499909171,-71.08527603166485,"(42.30536499909171, -71.08527603166485)"
212000083,3802,,M/V ACCIDENT - PROPERTY DAMAGE,B3,475,0,2021-01-01 08:37:00,2021,1,Friday,8,,CUMMINS HWY,42.270719563787644,-71.10189850824771,"(42.270719563787644, -71.10189850824771)"
212008651,619,,LARCENY ALL OTHERS,A7,28,0,2021-01-01 09:00:00,2021,1,Friday,9,,HAVRE ST,42.3708180467024,-71.03929078135145,"(42.3708180467024, -71.03929078135145)"
212036231,801,,ASSAULT - SIMPLE,,28,0,2021-01-01 09:00:00,2021,1,Friday,9,,PARIS ST,42.3708180467024,-71.03929078135145,"(42.3708180467024, -71.03929078135145)"
212018410,2670,,HARASSMENT/ CRIMINAL HARASSMENT,B2,281,0,2021-01-01 09:00:00,2021,1,Friday,9,,MORELAND ST,42.325720971088785,-71.08220071492579,"(42.325720971088785, -71.08220071492579)"
212000090,3005,,SICK ASSIST,D14,794,0,2021-01-01 09:12:00,2021,1,Friday,9,,COMMONWEALTH AVE,42.34835707755709,-71.13645290629044,"(42.34835707755709, -71.13645290629044)"
212000085,3106,,PROPERTY - ACCIDENTAL DAMAGE,A1,116,0,2021-01-01 09:19:00,2021,1,Friday,9,,BEACH ST,42.35142278267794,-71.0608450799525,"(42.35142278267794, -71.0608450799525)"
212000091,3301,,VERBAL DISPUTE,A1, ,0,2021-01-01 09:35:00,2021,1,Friday,9,,"TREMONT ST & BOYLSTON ST
BOSTON  MA 02116
UNITED S",42.3523599706998,-71.06458004489515,"(42.3523599706998, -71.06458004489515)"
212007330,1102,,FRAUD - FALSE PRETENSE / SCHEME,A1,77,0,2021-01-01 10:00:00,2021,1,Friday,10,,HANCOCK ST,42.361838566564714,-71.05976489094158,"(42.361838566564714, -71.05976489094158)"
212000088,3114,,INVESTIGATE PROPERTY,A7,907,0,2021-01-01 10:01:00,2021,1,Friday,10,,LONDON ST,42.37079340211979,-71.04111507382972,"(42.37079340211979, -71.04111507382972)"
212000093,3410,,TOWED MOTOR VEHICLE,D14,785,0,2021-01-01 10:15:00,2021,1,Friday,10,,COMMONWEALTH AVE,42.342413519396636,-71.14460462359891,"(42.342413519396636, -71.14460462359891)"
212000106,3114,,INVESTIGATE PROPERTY,A15,38,0,2021-01-01 10:35:00,2021,1,Friday,10,,EIGHTH ST,42.374749206442814,-71.05270604875494,"(42.374749206442814, -71.05270604875494)"
212000098,1402,,VANDALISM,D4,143,0,2021-01-01 10:37:00,2021,1,Friday,10,,EXETER ST,42.34909821483127,-71.079296180871,"(42.34909821483127, -71.079296180871)"
212000105,3006,,SICK/INJURED/MEDICAL - PERSON,E5,560,0,2021-01-01 10:42:00,2021,1,Friday,10,,KITTREDGE ST,42.28474254416248,-71.12953347456748,"(42.28474254416248, -71.12953347456748)"
212000094,801,,ASSAULT - SIMPLE,E18,534,0,2021-01-01 10:46:00,2021,1,Friday,10,,VALLARO RD,42.242897564353925,-71.14014362753198,"(42.242897564353925, -71.14014362753198)"
212001609,3130,,SEARCH WARRANT,E5,679,0,2021-01-01 11:02:00,2021,1,Friday,11,,BELGRADE AVE,42.28647565200641,-71.13221272378543,"(42.28647565200641, -71.13221272378543)"
212000101,3110,,SERVICE TO OTHER AGENCY,E13,565,0,2021-01-01 11:15:00,2021,1,Friday,11,,CANTERBURY ST,42.2931342640856,-71.10115189601912,"(42.2931342640856, -71.10115189601912)"
212000111,3831,,M/V - LEAVING SCENE - PROPERTY DAMAGE,D4,275,0,2021-01-01 11:53:00,2021,1,Friday,11,,HAMMOND ST,42.33503480952617,-71.08240248062698,"(42.33503480952617, -71.08240248062698)"
212000960,3115,,INVESTIGATE PERSON,D4,167,0,2021-01-01 12:00:00,2021,1,Friday,12,,NORTHAMPTON ST,42.33954198983014,-71.06940876967543,"(42.33954198983014, -71.06940876967543)"
212000902,3201,,PROPERTY - LOST/ MISSING,D4,167,0,2021-01-01 12:00:00,2021,1,Friday,12,,WEST NEWTON STREET,42.33954198983014,-71.06940876967543,"(42.33954198983014, -71.06940876967543)"
212001239,3502,,MISSING PERSON - LOCATED,E5,691,0,2021-01-01 12:00:00,2021,1,Friday,12,,FAWNDALE RD,42.28709355259107,-71.14822128377165,"(42.28709355259107, -71.14822128377165)"
212000654,735,,RECOVERED - MV RECOVERED IN BOSTON (STOLEN OUTSIDE BOSTON),D14,768,0,2021-01-01 12:00:00,2021,1,Friday,12,,GOODENOUGH ST,42.35620473429912,-71.154218538476,"(42.35620473429912, -71.154218538476)"
212034826,616,,LARCENY THEFT OF BICYCLE,D4,624,0,2021-01-01 12:00:00,2021,1,Friday,12,,BOYLSTON ST,42.34489593697122,-71.09659185509307,"(42.34489593697122, -71.09659185509307)"
212021057,1106,,FRAUD - CREDIT CARD / ATM FRAUD,E18,512,0,2021-01-01 12:01:00,2021,1,Friday,12,,TRUMAN PKWY,42.253697098409454,-71.11738508778832,"(42.253697098409454, -71.11738508778832)"
212000504,3201,,PROPERTY - LOST/ MISSING,A1,77,0,2021-01-01 12:30:00,2021,1,Friday,12,,"40 NEW SUDBURY ST
BOSTON  MA 02114
UNITED STATES",42.361838566564714,-71.05976489094158,"(42.361838566564714, -71.05976489094158)"
212000130,3115,,INVESTIGATE PERSON,E18,171,1,2021-01-01 12:45:00,2021,1,Friday,12,,HYDE PARK AVE,42.33511903946614,-71.07491709613726,"(42.33511903946614, -71.07491709613726)"
212000121,2907,,VAL - OPERATING AFTER REV/SUSP.,B2, ,0,2021-01-01 12:51:00,2021,1,Friday,12,,"WASHINGTON ST & DALE ST
BOSTON  MA 02119
UNITED ST",42.323439972698985,-71.08952999924354,"(42.323439972698985, -71.08952999924354)"
212000122,3114,,INVESTIGATE PROPERTY,D14,796,0,2021-01-01 12:57:00,2021,1,Friday,12,,COMMONWEALTH AVE,42.35124217458837,-71.12616898689032,"(42.35124217458837, -71.12616898689032)"
212000704,3502,,MISSING PERSON - LOCATED,B3,465,0,2021-01-01 13:00:00,2021,1,Friday,13,,STRATTON ST,42.28482576580488,-71.09137368938802,"(42.28482576580488, -71.09137368938802)"
212000703,3502,,MISSING PERSON - LOCATED,B3,465,0,2021-01-01 13:00:00,2021,1,Friday,13,,STRATTON ST,42.28482576580488,-71.09137368938802,"(42.28482576580488, -71.09137368938802)"
212000546,619,,LARCENY ALL OTHERS,D4,167,0,2021-01-01 13:00:00,2021,1,Friday,13,,HARRISON AVE,42.33954198983014,-71.06940876967543,"(42.33954198983014, -71.06940876967543)"
212000173,1402,,VANDALISM,C11,339,0,2021-01-01 13:09:00,2021,1,Friday,13,,HIGH ST,42.30948987465579,-71.06108147199737,"(42.30948987465579, -71.06108147199737)"
212000124,3115,,INVESTIGATE PERSON,B2,326,0,2021-01-01 13:11:00,2021,1,Friday,13,,FAYSTON ST,42.31260540388535,-71.07624158593103,"(42.31260540388535, -71.07624158593103)"
212000140,3802,,M/V ACCIDENT - PROPERTY DAMAGE,A7,12,0,2021-01-01 13:51:00,2021,1,Friday,13,,BENNINGTON ST,42.386306181830044,-71.00772964531522,"(42.386306181830044, -71.00772964531522)"
212000137,520,,BURGLARY - RESIDENTIAL,A15,59,0,2021-01-01 13:56:00,2021,1,Friday,13,,UNION ST,42.374059189726424,-71.06510813621892,"(42.374059189726424, -71.06510813621892)"
212000142,2907,,VAL - OPERATING AFTER REV/SUSP.,B3, ,0,2021-01-01 13:58:00,2021,1,Friday,13,,"MORTON ST & DRUID ST
MATTAPAN  MA 02126
UNITED STA",42.2762980314454,-71.07500803233758,"(42.2762980314454, -71.07500803233758)"
212000135,3115,,INVESTIGATE PERSON,D14,766,0,2021-01-01 13:59:00,2021,1,Friday,13,,RANELEGH RD,42.356229780518056,-71.16091786216855,"(42.356229780518056, -71.16091786216855)"
212000148,1402,,VANDALISM,A1,81,0,2021-01-01 14:00:00,2021,1,Friday,14,,MICHELANGELO ST,42.36708889938305,-71.05481065438025,"(42.36708889938305, -71.05481065438025)"
212000146,1402,,VANDALISM,A1,81,0,2021-01-01 14:00:00,2021,1,Friday,14,,MICHELANGELO ST,42.36708889938305,-71.05481065438025,"(42.36708889938305, -71.05481065438025)"
212017298,1102,,FRAUD - FALSE PRETENSE / SCHEME,E5,691,0,2021-01-01 14:00:00,2021,1,Friday,14,,MANTHORNE RD,42.28709355259107,-71.14822128377165,"(42.28709355259107, -71.14822128377165)"
212000138,614,,LARCENY THEFT FROM MV - NON-ACCESSORY,E5,721,0,2021-01-01 14:13:00,2021,1,Friday,14,,BAKER ST,42.27327664106325,-71.16521913860537,"(42.27327664106325, -71.16521913860537)"
212002261,619,,LARCENY ALL OTHERS,,270,0,2021-01-01 14:30:00,2021,1,Friday,14,,NORTHAMPTON ST,42.333951248393774,-71.07538938822692,"(42.333951248393774, -71.07538938822692)"
212000152,613,,LARCENY SHOPLIFTING,D4, ,0,2021-01-01 14:42:00,2021,1,Friday,14,,RING RD,42.3481315830497,-71.08027001562783,"(42.3481315830497, -71.08027001562783)"
212000149,3005,,SICK ASSIST,A15,59,0,2021-01-01 14:46:00,2021,1,Friday,14,,RUTHERFORD AVE,42.372329487655584,-71.06400917137924,"(42.372329487655584, -71.06400917137924)"
212000156,2403,,DISTURBING THE PEACE/ DISORDERLY CONDUCT/ GATHERING CAUSING ANNOYANCE/ NOISY PAR,E13,581,0,2021-01-01 14:49:00,2021,1,Friday,14,,CENTRE ST,42.32291406263416,-71.10328402059667,"(42.32291406263416, -71.10328402059667)"
212000200,614,,LARCENY THEFT FROM MV - NON-ACCESSORY,C11,248,0,2021-01-01 15:00:00,2021,1,Friday,15,,SAINT WILLIAM ST,42.31479826232495,-71.05611284610849,"(42.31479826232495, -71.05611284610849)"
212000239,520,,BURGLARY - RESIDENTIAL,D14,780,0,2021-01-01 15:00:00,2021,1,Friday,15,,ETNA ST,42.35488630218149,-71.14666933522251,"(42.35488630218149, -71.14666933522251)"
212001803,724,,AUTO THEFT,B3,465,0,2021-01-01 15:00:00,2021,1,Friday,15,,EDGEWATER DR,42.28482576580488,-71.09137368938802,"(42.28482576580488, -71.09137368938802)"
212000153,1402,,VANDALISM,B3,481,0,2021-01-01 15:21:00,2021,1,Friday,15,,CUMMINS HWY,42.268576085972356,-71.09574825689415,"(42.268576085972356, -71.09574825689415)"
212000405,801,,ASSAULT - SIMPLE,D14,778,0,2021-01-01 15:30:00,2021,1,Friday,15,,CAMBRIDGE ST,42.34905600030506,-71.15049849975023,"(42.34905600030506, -71.15049849975023)"
212000203,619,,LARCENY ALL OTHERS,A1,98,0,2021-01-01 16:00:00,2021,1,Friday,16,,DEVONSHIRE PL,42.35862020332998,-71.05752801054328,"(42.35862020332998, -71.05752801054328)"
212000155,3106,,PROPERTY - ACCIDENTAL DAMAGE,C6,200,0,2021-01-01 16:08:00,2021,1,Friday,16,,W BROADWAY,42.341287504390436,-71.05467932649397,"(42.341287504390436, -71.05467932649397)"
212001100,2670,,HARASSMENT/ CRIMINAL HARASSMENT,E18,520,0,2021-01-01 16:15:00,2021,1,Friday,16,,NEW BEDFORD ST,42.256215920402155,-71.12401947329023,"(42.256215920402155, -71.12401947329023)"
212000174,801,,ASSAULT - SIMPLE,B3,437,0,2021-01-01 16:33:00,2021,1,Friday,16,,SOUTHERN AVE,42.29000873358583,-71.07580876367724,"(42.29000873358583, -71.07580876367724)"
212000169,3005,,SICK ASSIST,D14,778,0,2021-01-01 16:36:00,2021,1,Friday,16,,WASHINGTON ST,42.34908209585555,-71.15301632717296,"(42.34908209585555, -71.15301632717296)"
212000160,3207,,PROPERTY - FOUND,A1,77,0,2021-01-01 16:42:00,2021,1,Friday,16,,NEW SUDBURY ST,42.361838566564714,-71.05976489094158,"(42.361838566564714, -71.05976489094158)"
212000164,3006,,SICK/INJURED/MEDICAL - PERSON,E13,572,0,2021-01-01 16:44:00,2021,1,Friday,16,,"SCHOOL ST & WASHINGTON ST
JAMAICA PLAIN  MA 02130
",42.31459402332121,-71.09948294639305,"(42.31459402332121, -71.09948294639305)"
212000167,3803,,M/V ACCIDENT - PERSONAL INJURY,D14, ,0,2021-01-01 16:55:00,2021,1,Friday,16,,"N BEACON ST & ETNA ST
BRIGHTON  MA 02135
UNITED ST",42.355451957742794,-71.14632904790561,"(42.355451957742794, -71.14632904790561)"
212000924,615,,LARCENY THEFT OF MV PARTS & ACCESSORIES,C11,465,0,2021-01-01 17:00:00,2021,1,Friday,17,,FLORIDA ST,42.28482576580488,-71.09137368938802,"(42.28482576580488, -71.09137368938802)"
212000224,520,,BURGLARY - RESIDENTIAL,D14,779,0,2021-01-01 17:00:00,2021,1,Friday,17,,MONTCALM AVE,42.35260456523034,-71.14602496966455,"(42.35260456523034, -71.14602496966455)"
212000175,3006,,SICK/INJURED/MEDICAL - PERSON,D14,788,0,2021-01-01 17:01:00,2021,1,Friday,17,,SUTHERLAND RD,42.340234082495314,-71.14800614129715,"(42.340234082495314, -71.14800614129715)"
212000171,423,,ASSAULT - AGGRAVATED,C6, ,0,2021-01-01 17:11:00,2021,1,Friday,17,,"OLD COLONY AVE & COLONEL MICHAEL J. MCDONOUGH WAY
",42.328429962103016,-71.05257195628865,"(42.328429962103016, -71.05257195628865)"
212000177,3114,,INVESTIGATE PROPERTY,E5,716,0,2021-01-01 17:14:00,2021,1,Friday,17,,GLENELLEN RD,42.26941354604451,-71.16317297943931,"(42.26941354604451, -71.16317297943931)"
212000172,3820,,M/V ACCIDENT - INVOLVING PEDESTRIAN - INJURY,B2,279,0,2021-01-01 17:14:00,2021,1,Friday,17,,DUDLEY ST,42.328535286385375,-71.08213873730132,"(42.328535286385375, -71.08213873730132)"
212000179,423,,ASSAULT - AGGRAVATED,B2,329,1,2021-01-01 17:15:00,2021,1,Friday,17,,COLUMBIA RD,42.30591850435545,-71.07956586362388,"(42.30591850435545, -71.07956586362388)"
212000166,423,,ASSAULT - AGGRAVATED,D4,151,0,2021-01-01 17:15:00,2021,1,Friday,17,,WARREN AVE,42.345163502774504,-71.07129114272695,"(42.345163502774504, -71.07129114272695)"
212000180,3114,,INVESTIGATE PROPERTY,B2,311,0,2021-01-01 17:30:00,2021,1,Friday,17,,WARREN ST,42.32026820533607,-71.0815049425355,"(42.32026820533607, -71.0815049425355)"
212000181,2905,,VAL - VIOLATION OF AUTO LAW,D4,627,0,2021-01-01 17:34:00,2021,1,Friday,17,,BOYLSTON ST,42.344422658102836,-71.09833082815538,"(42.344422658102836, -71.09833082815538)"
212000182,3115,,INVESTIGATE PERSON,D4,273,0,2021-01-01 17:40:00,2021,1,Friday,17,,NORTHAMPTON ST,42.336650482394305,-71.07841035201858,"(42.336650482394305, -71.07841035201858)"
212000184,423,,ASSAULT - AGGRAVATED,B3,435,0,2021-01-01 17:42:00,2021,1,Friday,17,,WHITMAN ST,42.28701737735204,-71.07706452690711,"(42.28701737735204, -71.07706452690711)"
212000183,3115,,INVESTIGATE PERSON,B3,434,0,2021-01-01 17:47:00,2021,1,Friday,17,,THETFORD AVE,42.28465991019621,-71.07839996859501,"(42.28465991019621, -71.07839996859501)"
212002372,3502,,MISSING PERSON - LOCATED,E5,691,0,2021-01-01 18:00:00,2021,1,Friday,18,,SPRING ST,42.28709355259107,-71.14822128377165,"(42.28709355259107, -71.14822128377165)"
212001140,520,,BURGLARY - RESIDENTIAL,E18,486,0,2021-01-01 18:00:00,2021,1,Friday,18,,RUSKINDALE RD,42.266372917602524,-71.10366542873375,"(42.266372917602524, -71.10366542873375)"
212000193,801,,ASSAULT - SIMPLE,, ,0,2021-01-01 18:27:00,2021,1,Friday,18,,SEAVER ST,42.306039739089485,-71.08621240213076,"(42.306039739089485, -71.08621240213076)"
212000195,3115,,INVESTIGATE PERSON,E18,503,0,2021-01-01 18:28:00,2021,1,Friday,18,,AMERICAN LEGION HWY,42.28314713553411,-71.11374151809324,"(42.28314713553411, -71.11374151809324)"
212000187,3115,,INVESTIGATE PERSON,D4,619,0,2021-01-01 18:30:00,2021,1,Friday,18,,SYMPHONY RD,42.34295334478064,-71.08833139227507,"(42.34295334478064, -71.08833139227507)"
212000192,3201,,PROPERTY - LOST/ MISSING,A1,117,0,2021-01-01 18:33:00,2021,1,Friday,18,,WASHINGTON ST,42.351742821397714,-71.06275940040133,"(42.351742821397714, -71.06275940040133)"
212000185,3114,,INVESTIGATE PROPERTY,B2,282,0,2021-01-01 18:37:00,2021,1,Friday,18,,WASHINGTON ST,42.32866283555608,-71.08563401183545,"(42.32866283555608, -71.08563401183545)"
212009698,3115,,INVESTIGATE PERSON,C11,415,0,2021-01-01 19:00:00,2021,1,Friday,19,,WASHINGTON ST,42.347883405387684,-71.06437687966755,"(42.347883405387684, -71.06437687966755)"
212000194,3830,,M/V - LEAVING SCENE - PERSONAL INJURY,B3,455,0,2021-01-01 19:05:00,2021,1,Friday,19,,NORWELL ST,42.300277963449005,-71.07883961867877,"(42.300277963449005, -71.07883961867877)"
212000189,3830,,M/V - LEAVING SCENE - PERSONAL INJURY,E13,572,0,2021-01-01 19:07:00,2021,1,Friday,19,,WALNUT AVE,42.31230442882252,-71.09660909131533,"(42.31230442882252, -71.09660909131533)"
212000204,3801,,M/V ACCIDENT - OTHER,D14,793,0,2021-01-01 19:09:00,2021,1,Friday,19,,"ALLSTON ST & COMMONWEALTH AVE
BRIGHTON  MA 02135
U",42.34831797885881,-71.13779403157687,"(42.34831797885881, -71.13779403157687)"
212000196,301,,ROBBERY,C11,393,0,2021-01-01 19:17:00,2021,1,Friday,19,,DORCHESTER AVE,42.28657333681241,-71.06408373963264,"(42.28657333681241, -71.06408373963264)"
212000197,3831,,M/V - LEAVING SCENE - PROPERTY DAMAGE,C11,360,0,2021-01-01 19:20:00,2021,1,Friday,19,,"CHRISTOPHER ST & DORCHESTER AVE
DORCHESTER  MA 021",42.298166974563756,-71.0607740123302,"(42.298166974563756, -71.0607740123302)"
212000198,3005,,SICK ASSIST,C11,358,0,2021-01-01 19:25:00,2021,1,Friday,19,,GENEVA AVE,42.298488661543864,-71.06313294177963,"(42.298488661543864, -71.06313294177963)"
212000199,3301,,VERBAL DISPUTE,E5,732,0,2021-01-01 19:25:00,2021,1,Friday,19,,VIRGIL RD,42.28359497406733,-71.16210647105704,"(42.28359497406733, -71.16210647105704)"
212000201,3108,,FIRE REPORT,B2, ,0,2021-01-01 19:44:00,2021,1,Friday,19,,WOODCLIFF ST,42.3158093385534,-71.0761868342811,"(42.3158093385534, -71.0761868342811)"
212000207,1810,,DRUGS - POSSESSION/ SALE/ MANUFACTURING/ USE,B3,453,0,2021-01-01 20:02:00,2021,1,Friday,20,,ALGONQUIN ST,42.297795005044925,-71.07384157399451,"(42.297795005044925, -71.07384157399451)"
212000202,3006,,SICK/INJURED/MEDICAL - PERSON,B2,319,0,2021-01-01 20:03:00,2021,1,Friday,20,,CHENEY ST,42.30970015593802,-71.08582414153403,"(42.30970015593802, -71.08582414153403)"
212000210,3005,,SICK ASSIST,D14,794,0,2021-01-01 20:09:00,2021,1,Friday,20,,GLENVILLE AVE,42.35048627356136,-71.13288438076802,"(42.35048627356136, -71.13288438076802)"
212000213,3006,,SICK/INJURED/MEDICAL - PERSON,E13,608,0,2021-01-01 20:22:00,2021,1,Friday,20,,S HUNTINGTON AVE,42.32955245456923,-71.11112428768338,"(42.32955245456923, -71.11112428768338)"
212000211,3115,,INVESTIGATE PERSON,A15,55,0,2021-01-01 20:26:00,2021,1,Friday,20,,ELM ST,42.377759524936664,-71.06352745852679,"(42.377759524936664, -71.06352745852679)"
212000208,3007,,SUDDEN DEATH,B3,469,0,2021-01-01 20:40:00,2021,1,Friday,20,,TENNIS RD,42.27615691256162,-71.0955030303829,"(42.27615691256162, -71.0955030303829)"
212000214,3005,,SICK ASSIST,A7,17,0,2021-01-01 20:47:00,2021,1,Friday,20,,PRINCETON ST,42.380433970525715,-71.02817841496669,"(42.380433970525715, -71.02817841496669)"
212000215,2914,,VAL - OPERATING W/O AUTHORIZATION LAWFUL,B3,476,0,2021-01-01 20:50:00,2021,1,Friday,20,,BLUE HILL AVE,42.26817397260553,-71.09387677261341,"(42.26817397260553, -71.09387677261341)"
212000209,3802,,M/V ACCIDENT - PROPERTY DAMAGE,E5,562,0,2021-01-01 20:52:00,2021,1,Friday,20,,WASHINGTON ST,42.28788932440644,-71.1265858526016,"(42.28788932440644, -71.1265858526016)"
212000212,3115,,INVESTIGATE PERSON,D4,270,0,2021-01-01 21:05:00,2021,1,Friday,21,,NORTHAMPTON ST,42.333951248393774,-71.07538938822692,"(42.333951248393774, -71.07538938822692)"
212000216,2647,,THREATS TO DO BODILY HARM,C11,341,0,2021-01-01 21:22:00,2021,1,Friday,21,,SPEEDWELL ST,42.30406721686813,-71.06760041641915,"(42.30406721686813, -71.06760041641915)"
212000218,801,,ASSAULT - SIMPLE,A7, ,0,2021-01-01 21:27:00,2021,1,Friday,21,,PRINCETON ST,42.380433970525715,-71.02817841496669,"(42.380433970525715, -71.02817841496669)"
212000219,3115,,INVESTIGATE PERSON,B2, ,0,2021-01-01 21:30:00,2021,1,Friday,21,,CEDAR ST,42.32655484378894,-71.09219287909866,"(42.32655484378894, -71.09219287909866)"
212000225,3802,,M/V ACCIDENT - PROPERTY DAMAGE,B3, ,0,2021-01-01 21:54:00,2021,1,Friday,21,,"CROSSMAN ST & BABSON ST
MATTAPAN  MA 02126
UNITED ",42.274047010579004,-71.09201794345566,"(42.274047010579004, -71.09201794345566)"
212000220,614,,LARCENY THEFT FROM MV - NON-ACCESSORY,A1,79,0,2021-01-01 21:56:00,2021,1,Friday,21,,"MEDFORD ST & N WASHINGTON ST
BOSTON  MA 02113
UNIT",42.36545503924579,-71.05838996485267,"(42.36545503924579, -71.05838996485267)"
212000223,724,,AUTO THEFT,E13, ,0,2021-01-01 22:00:00,2021,1,Friday,22,,"SOUTH ST & MCBRIDE ST
BOSTON  MA 02130
UNITED STAT",42.30590998797723,-71.11487995260379,"(42.30590998797723, -71.11487995260379)"
212000230,3005,,SICK ASSIST,A1,80,0,2021-01-01 22:10:00,2021,1,Friday,22,,PRINCE ST,42.36577464328718,-71.05645071523455,"(42.36577464328718, -71.05645071523455)"
212000228,3115,,INVESTIGATE PERSON,E5,748,0,2021-01-01 22:15:00,2021,1,Friday,22,,VFW PKWY,42.295835183551766,-71.15656561884286,"(42.295835183551766, -71.15656561884286)"
212002810,3201,,PROPERTY - LOST/ MISSING,D14,98,0,2021-01-01 22:30:00,2021,1,Friday,22,,CUFFLIN ST,42.34901546258116,-71.15160334744144,"(42.34901546258116, -71.15160334744144)"
212000638,3115,,INVESTIGATE PERSON,E5,723,0,2021-01-01 22:30:00,2021,1,Friday,22,,VFW PKWY,42.266237354620436,-71.16843345611866,"(42.266237354620436, -71.16843345611866)"
212000226,727,,AUTO THEFT - LEASED/RENTED VEHICLE,E5,661,0,2021-01-01 22:35:00,2021,1,Friday,22,,WALTER ST,42.28994983080432,-71.13321062247347,"(42.28994983080432, -71.13321062247347)"
212000232,3005,,SICK ASSIST,D14,769,0,2021-01-01 22:36:00,2021,1,Friday,22,,RYAN RD,42.35382448381779,-71.15203882177556,"(42.35382448381779, -71.15203882177556)"
212000227,1832,,SICK ASSIST - DRUG RELATED ILLNESS,A7,17,0,2021-01-01 22:37:00,2021,1,Friday,22,,LEXINGTON ST,42.38069279408397,-71.02954915846563,"(42.38069279408397, -71.02954915846563)"
212000733,617,,LARCENY THEFT FROM BUILDING,D4,167,0,2021-01-01 23:00:00,2021,1,Friday,23,,WARREN AVE,42.33954198983014,-71.06940876967543,"(42.33954198983014, -71.06940876967543)"
212000231,3831,,M/V - LEAVING SCENE - PROPERTY DAMAGE,D14, ,0,2021-01-01 23:02:00,2021,1,Friday,23,,"WESTBOURNE TER & COREY RD
BRIGHTON  MA 02135
UNITE",42.34333099285193,-71.13924999673733,"(42.34333099285193, -71.13924999673733)"
212000229,616,,LARCENY THEFT OF BICYCLE,D4,167,0,2021-01-01 23:11:00,2021,1,Friday,23,,AGUADILLA ST,42.33954198983014,-71.06940876967543,"(42.33954198983014, -71.06940876967543)"
212004840,520,,BURGLARY - RESIDENTIAL,B2,319,0,2021-01-01 23:30:00,2021,1,Friday,23,,SEAVER ST,42.306039739089485,-71.08621240213076,"(42.306039739089485, -71.08621240213076)"
212000243,3301,,VERBAL DISPUTE,D4,962,0,2021-01-01 23:45:00,2021,1,Friday,23,,W DEDHAM ST,42.34186764975369,-71.07272214723805,"(42.34186764975369, -71.07272214723805)"
212000437,617,,LARCENY THEFT FROM BUILDING,D4,146,0,2021-01-02 00:00:00,2021,1,Saturday,0,,HUNTINGTON AVE,42.34797239824585,-71.07849581587274,"(42.34797239824585, -71.07849581587274)"
212000696,1415,,GRAFFITI,A1,106,0,2021-01-02 00:00:00,2021,1,Saturday,0,,ARCH ST,42.354873651464594,-71.05861218049148,"(42.354873651464594, -71.05861218049148)"
212002542,2647,,THREATS TO DO BODILY HARM,E5,564,0,2021-01-02 00:00:00,2021,1,Saturday,0,,ARCHDALE RD,42.29314152224821,-71.12204364010371,"(42.29314152224821, -71.12204364010371)"
212001660,2670,,HARASSMENT/ CRIMINAL HARASSMENT,C11,355,0,2021-01-02 00:00:00,2021,1,Saturday,0,,CHURCH ST,42.29755532959655,-71.05970910242573,"(42.29755532959655, -71.05970910242573)"
212000302,617,,LARCENY THEFT FROM BUILDING,E5,691,0,2021-01-02 00:00:00,2021,1,Saturday,0,,IONA ST,42.28713461273519,-71.14857953709628,"(42.28713461273519, -71.14857953709628)"
212083779,1102,,FRAUD - FALSE PRETENSE / SCHEME,D14,778,0,2021-01-02 00:00:00,2021,1,Saturday,0,,WASHINGTON ST,42.34905600030506,-71.15049849975023,"(42.34905600030506, -71.15049849975023)"
212000452,3801,,M/V ACCIDENT - OTHER,A15, ,0,2021-01-02 00:00:00,2021,1,Saturday,0,,ALFORD ST,,,
212004887,2610,,TRESPASSING,B3,442,0,2021-01-02 00:01:00,2021,1,Saturday,0,,W PARK ST,42.29417473120878,-71.0793220918313,"(42.29417473120878, -71.0793220918313)"
212000236,3005,,SICK ASSIST,D4,270,0,2021-01-02 00:06:00,2021,1,Saturday,0,,"HARRISON AVE & NORTHAMPTON ST
ROXBURY  MA 02118
UN",42.334448956787355,-71.07574199427347,"(42.334448956787355, -71.07574199427347)"
212000240,3006,,SICK/INJURED/MEDICAL - PERSON,A7,19,0,2021-01-02 00:30:00,2021,1,Saturday,0,,BENNINGTON ST,42.37724638479816,-71.0325970804128,"(42.37724638479816, -71.0325970804128)"
212000249,3005,,SICK ASSIST,D4,273,0,2021-01-02 00:31:00,2021,1,Saturday,0,,WASHINGTON ST,42.335435094245646,-71.07840203638588,"(42.335435094245646, -71.07840203638588)"
212000242,1402,,VANDALISM,A7,25,0,2021-01-02 00:50:00,2021,1,Saturday,0,,FALCON ST,42.381970274361,-71.0347539498955,"(42.381970274361, -71.0347539498955)"
212000250,3114,,INVESTIGATE PROPERTY,B3,474,1,2021-01-02 01:23:00,2021,1,Saturday,1,,"CUMMINS HWY & SAVANNAH AVE
MATTAPAN  MA 02126
UNIT",42.27105302633087,-71.10334598643132,"(42.27105302633087, -71.10334598643132)"
212000382,614,,LARCENY THEFT FROM MV - NON-ACCESSORY,A1,77,0,2021-01-02 01:44:00,2021,1,Saturday,1,,CONGRESS ST,42.36139412535742,-71.05768689522421,"(42.36139412535742, -71.05768689522421)"
212000248,423,,ASSAULT - AGGRAVATED,B3,435,0,2021-01-02 01:49:00,2021,1,Saturday,1,,WHITMAN ST,42.28701737735204,-71.07706452690711,"(42.28701737735204, -71.07706452690711)"
212000254,2662,,BALLISTICS EVIDENCE/FOUND,C11,341,1,2021-01-02 03:32:00,2021,1,Saturday,3,,BOWDOIN ST,42.305044714488474,-71.06857870501278,"(42.305044714488474, -71.06857870501278)"
212004344,706,,AUTO THEFT - MOTORCYCLE / SCOOTER,C6,355,0,2021-01-02 04:00:00,2021,1,Saturday,4,,BUTTONWOOD ST,42.29755532959655,-71.05970910242573,"(42.29755532959655, -71.05970910242573)"
212000257,2662,,BALLISTICS EVIDENCE/FOUND,B2,311,1,2021-01-02 04:17:00,2021,1,Saturday,4,,QUINCY ST,42.315287442713895,-71.08015966677621,"(42.315287442713895, -71.08015966677621)"
212000256,1501,,WEAPON VIOLATION - CARRY/ POSSESSING/ SALE/ TRAFFICKING/ OTHER,B2, ,0,2021-01-02 04:25:00,2021,1,Saturday,4,,"HUMBOLDT AVE & HOWLAND ST
ROXBURY  MA 02121
UNITED",42.31400003087886,-71.0888079567434,"(42.31400003087886, -71.0888079567434)"
212000260,3115,,INVESTIGATE PERSON,D4,150,0,2021-01-02 05:34:00,2021,1,Saturday,5,,COLUMBUS AVE,42.34397100049559,-71.07747500107159,"(42.34397100049559, -71.07747500107159)"
212000391,1402,,VANDALISM,D14,766,0,2021-01-02 06:20:00,2021,1,Saturday,6,,FANEUIL ST,42.355038982794426,-71.15642024722962,"(42.355038982794426, -71.15642024722962)"
212000281,423,,ASSAULT - AGGRAVATED,C6,186,0,2021-01-02 06:30:00,2021,1,Saturday,6,,ALLSTATE RD,42.32809966041151,-71.06321676048991,"(42.32809966041151, -71.06321676048991)"
212000511,1810,,DRUGS - POSSESSION/ SALE/ MANUFACTURING/ USE,B2,282,0,2021-01-02 07:00:00,2021,1,Saturday,7,,WASHINGTON ST,42.32866283555608,-71.08563401183545,"(42.32866283555608, -71.08563401183545)"
212000273,3007,,SUDDEN DEATH,A7,907,0,2021-01-02 07:23:00,2021,1,Saturday,7,,BORDER ST,42.37141060127874,-71.04245069263575,"(42.37141060127874, -71.04245069263575)"
212000264,3410,,TOWED MOTOR VEHICLE,C11,363,0,2021-01-02 07:25:00,2021,1,Saturday,7,,WHITTEN ST,42.293311985961424,-71.05965614930751,"(42.293311985961424, -71.05965614930751)"
212000760,3831,,M/V - LEAVING SCENE - PROPERTY DAMAGE,E18,520,0,2021-01-02 08:12:00,2021,1,Saturday,8,,"1249 HYDE PARK AVE
BOSTON  MA 02136
UNITED STATES",42.256215920402155,-71.12401947329023,"(42.256215920402155, -71.12401947329023)"
212001205,520,,BURGLARY - RESIDENTIAL,A1,77,0,2021-01-02 08:18:00,2021,1,Saturday,8,,FLEET ST,42.361838566564714,-71.05976489094158,"(42.361838566564714, -71.05976489094158)"
212000269,3410,,TOWED MOTOR VEHICLE,C11,336,0,2021-01-02 08:30:00,2021,1,Saturday,8,,OLNEY ST,42.305333472583996,-71.06874730609447,"(42.305333472583996, -71.06874730609447)"
212000268,3005,,SICK ASSIST,D4, ,0,2021-01-02 08:37:00,2021,1,Saturday,8,,"HUNTINGTON AVE & EXETER ST
BOSTON  MA 02116
UNITED",42.3478400427983,-71.0786900312716,"(42.3478400427983, -71.0786900312716)"
212000270,3402,,"ANIMAL INCIDENTS (DOG BITES, LOST DOG, ETC)",E5,822,0,2021-01-02 08:56:00,2021,1,Saturday,8,,GEORGETOWNE DR,42.25943465248271,-71.1479806361386,"(42.25943465248271, -71.1479806361386)"
212000271,423,,ASSAULT - AGGRAVATED,A7,26,0,2021-01-02 09:10:00,2021,1,Saturday,9,,BORDER ST,42.38093345419427,-71.04023928671008,"(42.38093345419427, -71.04023928671008)"
212025401,3115,,INVESTIGATE PERSON,B3,463,0,2021-01-02 09:13:00,2021,1,Saturday,9,,BLUE HILL AVE,42.29330376224452,-71.0885899046847,"(42.29330376224452, -71.0885899046847)"
212000272,3115,,INVESTIGATE PERSON,C11,355,0,2021-01-02 09:30:00,2021,1,Saturday,9,,GIBSON ST,42.29755532959655,-71.05970910242573,"(42.29755532959655, -71.05970910242573)"
212000279,3410,,TOWED MOTOR VEHICLE,D14,803,0,2021-01-02 09:32:00,2021,1,Saturday,9,,CAMBRIDGE ST,42.35468360997911,-71.13474620089241,"(42.35468360997911, -71.13474620089241)"
212000274,3112,,LANDLORD - TENANT,E18,484,0,2021-01-02 09:34:00,2021,1,Saturday,9,,BELNEL RD,42.26291219029846,-71.10440502582024,"(42.26291219029846, -71.10440502582024)"
212000275,3126,,WARRANT ARREST - OUTSIDE OF BOSTON WARRANT,E13,641,0,2021-01-02 09:44:00,2021,1,Saturday,9,,CENTRE ST,42.316748109473124,-71.11356249137687,"(42.316748109473124, -71.11356249137687)"
212002726,619,,LARCENY ALL OTHERS,C6,200,0,2021-01-02 10:00:00,2021,1,Saturday,10,,SOUTHAMPTON ST,42.341287504390436,-71.05467932649397,"(42.341287504390436, -71.05467932649397)"
212000282,3006,,SICK/INJURED/MEDICAL - PERSON,E13,572,0,2021-01-02 10:05:00,2021,1,Saturday,10,,WASHINGTON ST,42.314855461634,-71.0992240984253,"(42.314855461634, -71.0992240984253)"
212000280,2670,,HARASSMENT/ CRIMINAL HARASSMENT,D4,151,0,2021-01-02 10:12:00,2021,1,Saturday,10,,WARREN AVE,42.345163502774504,-71.07129114272695,"(42.345163502774504, -71.07129114272695)"
212000283,3126,,WARRANT ARREST - OUTSIDE OF BOSTON WARRANT,A7,33,0,2021-01-02 10:15:00,2021,1,Saturday,10,,MAVERICK ST,42.368159175279835,-71.03438534506883,"(42.368159175279835, -71.03438534506883)"
212000284,1832,,SICK ASSIST - DRUG RELATED ILLNESS,B2,324,0,2021-01-02 10:28:00,2021,1,Saturday,10,,DEWEY ST,42.3165238073235,-71.0752875578182,"(42.3165238073235, -71.0752875578182)"
212000285,2647,,THREATS TO DO BODILY HARM,B3,427,0,2021-01-02 10:30:00,2021,1,Saturday,10,,NORFOLK ST,42.27967051059363,-71.08887825508737,"(42.27967051059363, -71.08887825508737)"
212000292,3115,,INVESTIGATE PERSON,A1,117,0,2021-01-02 10:37:00,2021,1,Saturday,10,,BOYLSTON ST,42.35231189676638,-71.06370510095782,"(42.35231189676638, -71.06370510095782)"
212000286,3005,,SICK ASSIST,A1,105,0,2021-01-02 10:43:00,2021,1,Saturday,10,,SUMMER ST,42.355216248269386,-71.06012863469122,"(42.355216248269386, -71.06012863469122)"
212000287,613,,LARCENY SHOPLIFTING,B3,476,0,2021-01-02 10:45:00,2021,1,Saturday,10,,BLUE HILL AVE,42.26994731617787,-71.09380307519207,"(42.26994731617787, -71.09380307519207)"
212000294,2670,,HARASSMENT/ CRIMINAL HARASSMENT,C11,241,0,2021-01-02 10:56:00,2021,1,Saturday,10,,SUMNER ST,42.31727185417256,-71.06218927947039,"(42.31727185417256, -71.06218927947039)"
212000293,3831,,M/V - LEAVING SCENE - PROPERTY DAMAGE,C11,365,0,2021-01-02 11:13:00,2021,1,Saturday,11,,KING ST,42.29273123980479,-71.05886115997882,"(42.29273123980479, -71.05886115997882)"
212000323,2647,,THREATS TO DO BODILY HARM,C11,355,0,2021-01-02 11:26:00,2021,1,Saturday,11,,TAFT ST,42.29755532959655,-71.05970910242573,"(42.29755532959655, -71.05970910242573)"
212000303,3115,,INVESTIGATE PERSON,B2,326,0,2021-01-02 11:37:00,2021,1,Saturday,11,,BRUNSWICK ST,42.310899863923375,-71.08007661412431,"(42.310899863923375, -71.08007661412431)"
212000297,3114,,INVESTIGATE PROPERTY,D4,149,0,2021-01-02 11:39:00,2021,1,Saturday,11,,DARTMOUTH ST,42.34640381376603,-71.0755128911031,"(42.34640381376603, -71.0755128911031)"
212000301,423,,ASSAULT - AGGRAVATED,A1,112,0,2021-01-02 11:44:00,2021,1,Saturday,11,,WASHINGTON ST,42.355123390368036,-71.06087979851635,"(42.355123390368036, -71.06087979851635)"
212000298,3115,,INVESTIGATE PERSON,C11,340,0,2021-01-02 11:46:00,2021,1,Saturday,11,,ADAMS ST,42.30782060227243,-71.0633669627582,"(42.30782060227243, -71.0633669627582)"
212000296,1402,,VANDALISM,A1,80,0,2021-01-02 11:50:00,2021,1,Saturday,11,,COMMERCIAL ST,42.36731951591734,-71.05789055441923,"(42.36731951591734, -71.05789055441923)"
212004516,619,,LARCENY ALL OTHERS,E13,574,0,2021-01-02 12:00:00,2021,1,Saturday,12,,SOUTH ST,42.30971856767274,-71.10429431787648,"(42.30971856767274, -71.10429431787648)"
212000300,3115,,INVESTIGATE PERSON,B3,433,0,2021-01-02 12:00:00,2021,1,Saturday,12,,CORBET ST,42.282957315340994,-71.08361450382698,"(42.282957315340994, -71.08361450382698)"
212000306,301,,ROBBERY,C11,373,0,2021-01-02 12:25:00,2021,1,Saturday,12,,FREEPORT ST,42.29234068370162,-71.04803995551818,"(42.29234068370162, -71.04803995551818)"
212000311,3110,,SERVICE TO OTHER AGENCY,B2,319,0,2021-01-02 12:30:00,2021,1,Saturday,12,,NAZING ST,42.30664080466999,-71.08584976430885,"(42.30664080466999, -71.08584976430885)"
212003315,617,,LARCENY THEFT FROM BUILDING,D14,778,0,2021-01-02 12:43:00,2021,1,Saturday,12,,ALLSTON ST,42.34905600030506,-71.15049849975023,"(42.34905600030506, -71.15049849975023)"
212000309,3801,,M/V ACCIDENT - OTHER,C11,357,0,2021-01-02 12:43:00,2021,1,Saturday,12,,BLOOMFIELD ST,42.29910777060258,-71.06829571750755,"(42.29910777060258, -71.06829571750755)"
212000327,3301,,VERBAL DISPUTE,A15,900,0,2021-01-02 12:46:00,2021,1,Saturday,12,,WALFORD WAY,42.3784032525092,-71.05729034688959,"(42.3784032525092, -71.05729034688959)"
212000305,3115,,INVESTIGATE PERSON,B2,282,0,2021-01-02 12:46:00,2021,1,Saturday,12,,WASHINGTON ST,42.32866283555608,-71.08563401183545,"(42.32866283555608, -71.08563401183545)"
212000349,3410,,TOWED MOTOR VEHICLE,A1, ,0,2021-01-02 12:49:00,2021,1,Saturday,12,,"SALEM ST & PRINCE ST
BOSTON  MA 02113
UNITED STATE",42.365202959742376,-71.05546899584856,"(42.365202959742376, -71.05546899584856)"
212000322,3410,,TOWED MOTOR VEHICLE,E18,501,0,2021-01-02 12:50:00,2021,1,Saturday,12,,MT HOPE ST,42.28275292461162,-71.11549377438001,"(42.28275292461162, -71.11549377438001)"
212000317,3410,,TOWED MOTOR VEHICLE,E13,506,0,2021-01-02 12:54:00,2021,1,Saturday,12,,WACHUSETT ST,42.29174857797137,-71.11691272540212,"(42.29174857797137, -71.11691272540212)"
212000318,3005,,SICK ASSIST,D4,161,0,2021-01-02 12:55:00,2021,1,Saturday,12,,TREMONT ST,42.34701666208952,-71.06886237476384,"(42.34701666208952, -71.06886237476384)"
212000325,423,,ASSAULT - AGGRAVATED,C11,340,0,2021-01-02 12:56:00,2021,1,Saturday,12,,DRAPER ST,42.30540714800679,-71.06547135152914,"(42.30540714800679, -71.06547135152914)"
212000343,1402,,VANDALISM,D14,778,0,2021-01-02 13:00:00,2021,1,Saturday,13,,EVERETT ST,42.34905600030506,-71.15049849975023,"(42.34905600030506, -71.15049849975023)"
212000503,3802,,M/V ACCIDENT - PROPERTY DAMAGE,E5,680,0,2021-01-02 13:00:00,2021,1,Saturday,13,,CORINTH ST,42.285932009846235,-71.12933704603064,"(42.285932009846235, -71.12933704603064)"
212000314,301,,ROBBERY,E13,912,1,2021-01-02 13:07:00,2021,1,Saturday,13,,CENTRE ST,42.32283758702995,-71.10096722512631,"(42.32283758702995, -71.10096722512631)"
212000313,520,,BURGLARY - RESIDENTIAL,A1,87,0,2021-01-02 13:11:00,2021,1,Saturday,13,,HANOVER AVE,42.36572121064152,-71.05185162528193,"(42.36572121064152, -71.05185162528193)"
212000319,724,,AUTO THEFT,D14,778,0,2021-01-02 13:20:00,2021,1,Saturday,13,,COMMONWEALTH AVE,42.34905600030506,-71.15049849975023,"(42.34905600030506, -71.15049849975023)"
212000316,613,,LARCENY SHOPLIFTING,D4,141,0,2021-01-02 13:26:00,2021,1,Saturday,13,,NEWBURY ST,42.34840576247316,-71.08688338740227,"(42.34840576247316, -71.08688338740227)"
212000366,3830,,M/V - LEAVING SCENE - PERSONAL INJURY,C11,355,0,2021-01-02 13:30:00,2021,1,Saturday,13,,"40 GIBSON ST
DORCHESTER  MA 02122
UNITED STATES",42.29755532959655,-71.05970910242573,"(42.29755532959655, -71.05970910242573)"
212000329,3115,,INVESTIGATE PERSON,D14,776,0,2021-01-02 13:36:00,2021,1,Saturday,13,,COMMONWEALTH AVE,42.34182130083165,-71.14644941817429,"(42.34182130083165, -71.14644941817429)"
212000328,423,,ASSAULT - AGGRAVATED,A1,173,0,2021-01-02 13:47:00,2021,1,Saturday,13,,SUMMER ST,42.35196670915563,-71.05415458831344,"(42.35196670915563, -71.05415458831344)"
212000321,2670,,HARASSMENT/ CRIMINAL HARASSMENT,D4,619,0,2021-01-02 13:59:00,2021,1,Saturday,13,,SYMPHONY RD,42.34295334478064,-71.08833139227507,"(42.34295334478064, -71.08833139227507)"
212000561,1109,,FRAUD - WIRE,B3,465,0,2021-01-02 14:00:00,2021,1,Saturday,14,,AMES WAY,,,
212000333,3810,,M/V ACCIDENT - INVOLVING BICYCLE - INJURY,D14,783,0,2021-01-02 14:17:00,2021,1,Saturday,14,,"CAMBRIDGE ST & GORDON ST
BRIGHTON  MA 02134
UNITED",42.35254702883067,-71.14027198943651,"(42.35254702883067, -71.14027198943651)"
212000338,3001,,DEATH INVESTIGATION,C6,200,0,2021-01-02 14:26:00,2021,1,Saturday,14,,W BROADWAY,42.34302577508395,-71.05728084982702,"(42.34302577508395, -71.05728084982702)"
212000342,3410,,TOWED MOTOR VEHICLE,C11,367,0,2021-01-02 14:28:00,2021,1,Saturday,14,,SPAULDING ST,42.29238728420886,-71.0548309735111,"(42.29238728420886, -71.0548309735111)"
212000337,3115,,INVESTIGATE PERSON,A1,128,0,2021-01-02 14:30:00,2021,1,Saturday,14,,CORTES ST,42.348276975733555,-71.07038932399338,"(42.348276975733555, -71.07038932399338)"
212000763,3831,,M/V - LEAVING SCENE - PROPERTY DAMAGE,B2, ,0,2021-01-02 14:30:00,2021,1,Saturday,14,,"COLUMBUS AVE & ACADEMY RD
ROXBURY  MA 02119
UNITED",42.32060103628121,-71.0983119754024,"(42.32060103628121, -71.0983119754024)"
212000331,619,,LARCENY ALL OTHERS,B2,282,0,2021-01-02 14:36:00,2021,1,Saturday,14,,JOHN ELIOT SQ,42.32866283555608,-71.08563401183545,"(42.32866283555608, -71.08563401183545)"
212000335,617,,LARCENY THEFT FROM BUILDING,B3,439,0,2021-01-02 14:41:00,2021,1,Saturday,14,,STRATTON ST,42.28881221925629,-71.08513152352724,"(42.28881221925629, -71.08513152352724)"
212000367,801,,ASSAULT - SIMPLE,B2,318,0,2021-01-02 14:42:00,2021,1,Saturday,14,,SEAVER ST,42.308788550782936,-71.09055618260567,"(42.308788550782936, -71.09055618260567)"
212000355,2647,,THREATS TO DO BODILY HARM,B2,611,0,2021-01-02 14:42:00,2021,1,Saturday,14,,HUNTINGTON AVE,42.3329617141617,-71.11041930443875,"(42.3329617141617, -71.11041930443875)"
212000412,2647,,THREATS TO DO BODILY HARM,C11,355,0,2021-01-02 14:44:00,2021,1,Saturday,14,,GREENMOUNT ST,42.29755532959655,-71.05970910242573,"(42.29755532959655, -71.05970910242573)"
212000340,801,,ASSAULT - SIMPLE,C6,174,0,2021-01-02 14:47:00,2021,1,Saturday,14,,DORCHESTER AVE,42.33014011820346,-71.05695787133254,"(42.33014011820346, -71.05695787133254)"
212000348,3110,,SERVICE TO OTHER AGENCY,E5,732,0,2021-01-02 14:49:00,2021,1,Saturday,14,,VIRGIL RD,42.28359497406733,-71.16210647105704,"(42.28359497406733, -71.16210647105704)"
212003306,540,,BURGLARY - COMMERICAL,D4,270,0,2021-01-02 15:00:00,2021,1,Saturday,15,,ALBANY ST,42.333184490911954,-71.07393881002383,"(42.333184490911954, -71.07393881002383)"
212000346,3119,,FIREARM/WEAPON - FOUND OR CONFISCATED,E5,668,0,2021-01-02 15:15:00,2021,1,Saturday,15,,CORNELL ST,42.27879981566868,-71.13444555607465,"(42.27879981566868, -71.13444555607465)"
212000360,3005,,SICK ASSIST,B2,312,0,2021-01-02 15:15:00,2021,1,Saturday,15,,HARRISHOF ST,42.31688133410589,-71.08874072721552,"(42.31688133410589, -71.08874072721552)"
212000375,3112,,LANDLORD - TENANT,,338,0,2021-01-02 15:23:00,2021,1,Saturday,15,,HIGH ST,42.30948987465579,-71.06108147199737,"(42.30948987465579, -71.06108147199737)"
212000345,1402,,VANDALISM,D4,275,0,2021-01-02 15:31:00,2021,1,Saturday,15,,MELNEA CASS BLVD,42.33337698544653,-71.08176590385902,"(42.33337698544653, -71.08176590385902)"
212000347,3201,,PROPERTY - LOST/ MISSING,B3,438,0,2021-01-02 15:37:00,2021,1,Saturday,15,,TALBOT AVE,42.29158088989796,-71.07664627960064,"(42.29158088989796, -71.07664627960064)"
212000370,423,,ASSAULT - AGGRAVATED,C11,257,0,2021-01-02 15:42:00,2021,1,Saturday,15,,STOUGHTON STREET PL,42.31598698279705,-71.06326327090079,"(42.31598698279705, -71.06326327090079)"
212000351,3410,,TOWED MOTOR VEHICLE,C6,234,0,2021-01-02 15:43:00,2021,1,Saturday,15,,E 8TH ST,42.33154301376118,-71.03912266807524,"(42.33154301376118, -71.03912266807524)"
212000356,1108,,FRAUD - WELFARE,D4,154,0,2021-01-02 15:55:00,2021,1,Saturday,15,,W NEWTON ST,42.34225887542638,-71.07749696058403,"(42.34225887542638, -71.07749696058403)"
212000362,3005,,SICK ASSIST,D4, ,0,2021-01-02 15:55:00,2021,1,Saturday,15,,"MASSACHUSETTS AVE & CHESTER PARK
BOSTON  MA 02118
",42.33769297055763,-71.0785279971251,"(42.33769297055763, -71.0785279971251)"
212000443,520,,BURGLARY - RESIDENTIAL,D14,792,0,2021-01-02 16:00:00,2021,1,Saturday,16,,ALLSTON ST,42.345462914691176,-71.13947482573096,"(42.345462914691176, -71.13947482573096)"
212000357,3201,,PROPERTY - LOST/ MISSING,B3,438,0,2021-01-02 16:03:00,2021,1,Saturday,16,,TALBOT AVE,42.29158088989796,-71.07664627960064,"(42.29158088989796, -71.07664627960064)"
212000358,3831,,M/V - LEAVING SCENE - PROPERTY DAMAGE,B2,282,0,2021-01-02 16:04:00,2021,1,Saturday,16,,"2400 WASHINGTON ST
ROXBURY  MA 02119
UNITED STATES",42.32866283555608,-71.08563401183545,"(42.32866283555608, -71.08563401183545)"
212000365,520,,BURGLARY - RESIDENTIAL,D14,771,0,2021-01-02 16:10:00,2021,1,Saturday,16,,BALDWIN PL,42.34871729887413,-71.15417831537822,"(42.34871729887413, -71.15417831537822)"
212000359,3802,,M/V ACCIDENT - PROPERTY DAMAGE,D4,167,0,2021-01-02 16:12:00,2021,1,Saturday,16,,NEWBURY ST,42.33954198983014,-71.06940876967543,"(42.33954198983014, -71.06940876967543)"
212000373,3115,,INVESTIGATE PERSON,E13,652,0,2021-01-02 16:14:00,2021,1,Saturday,16,,"CENTRE ST & RAMBLER RD
JAMAICA PLAIN  MA 02130
UNI",42.3043860306411,-71.12477798788245,"(42.3043860306411, -71.12477798788245)"
212000398,1832,,SICK ASSIST - DRUG RELATED ILLNESS,E13, ,0,2021-01-02 16:15:00,2021,1,Saturday,16,,CENTRE ST,42.32270922185721,-71.09932316830728,"(42.32270922185721, -71.09932316830728)"
212000374,1402,,VANDALISM,D14, ,0,2021-01-02 16:21:00,2021,1,Saturday,16,,"LINCOLN ST & EVERETT ST
BRIGHTON  MA 02134
UNITED ",42.35757203478264,-71.13767901901502,"(42.35757203478264, -71.13767901901502)"
212000396,801,,ASSAULT - SIMPLE,D14,768,0,2021-01-02 16:30:00,2021,1,Saturday,16,,GOODENOUGH ST,42.35620473429912,-71.154218538476,"(42.35620473429912, -71.154218538476)"
212000372,1402,,VANDALISM,D4,167,0,2021-01-02 16:56:00,2021,1,Saturday,16,,WESTLAND AVE,42.33954198983014,-71.06940876967543,"(42.33954198983014, -71.06940876967543)"
212000607,3831,,M/V - LEAVING SCENE - PROPERTY DAMAGE,C11,355,0,2021-01-02 17:00:00,2021,1,Saturday,17,,"40 GIBSON ST
DORCHESTER  MA 02122
UNITED STATES",42.29755532959655,-71.05970910242573,"(42.29755532959655, -71.05970910242573)"
212000385,3114,,INVESTIGATE PROPERTY,C6,234,0,2021-01-02 17:02:00,2021,1,Saturday,17,,K ST,42.32995115436999,-71.03724790091967,"(42.32995115436999, -71.03724790091967)"
212000383,1402,,VANDALISM,B3,456,0,2021-01-02 17:15:00,2021,1,Saturday,17,,ELLINGTON ST,42.30154554739627,-71.08118183666956,"(42.30154554739627, -71.08118183666956)"
212000388,1810,,DRUGS - POSSESSION/ SALE/ MANUFACTURING/ USE,A1,111,0,2021-01-02 17:21:00,2021,1,Saturday,17,,WASHINGTON ST,42.35272947428534,-71.06256290848422,"(42.35272947428534, -71.06256290848422)"
212000380,520,,BURGLARY - RESIDENTIAL,A7,20,0,2021-01-02 17:24:00,2021,1,Saturday,17,,CHELSEA ST,42.376383261127884,-71.0312410342379,"(42.376383261127884, -71.0312410342379)"
212000377,3205,,M/V PLATES - LOST,D14,778,0,2021-01-02 17:30:00,2021,1,Saturday,17,,WASHINGTON ST,42.34905600030506,-71.15049849975023,"(42.34905600030506, -71.15049849975023)"
212000390,3402,,"ANIMAL INCIDENTS (DOG BITES, LOST DOG, ETC)",D14,755,0,2021-01-02 17:33:00,2021,1,Saturday,17,,TREMONT ST,42.351153675781624,-71.17291562638388,"(42.351153675781624, -71.17291562638388)"
212000384,3801,,M/V ACCIDENT - OTHER,C11,257,0,2021-01-02 17:35:00,2021,1,Saturday,17,,"HANCOCK ST & RILL ST
DORCHESTER  MA 02125
UNITED S",42.312478035294745,-71.06428994242548,"(42.312478035294745, -71.06428994242548)"
212000389,3115,,INVESTIGATE PERSON,B2,268,0,2021-01-02 17:41:00,2021,1,Saturday,17,,DUDLEY ST,42.32788515564694,-71.077706327428,"(42.32788515564694, -71.077706327428)"
212000381,3114,,INVESTIGATE PROPERTY,B2,282,0,2021-01-02 17:47:00,2021,1,Saturday,17,,WASHINGTON ST,42.32866283555608,-71.08563401183545,"(42.32866283555608, -71.08563401183545)"
212000392,3006,,SICK/INJURED/MEDICAL - PERSON,D14,784,0,2021-01-02 17:48:00,2021,1,Saturday,17,,WARREN ST,42.34946443646394,-71.14270449055681,"(42.34946443646394, -71.14270449055681)"
212000395,3112,,LANDLORD - TENANT,E5,822,0,2021-01-02 17:50:00,2021,1,Saturday,17,,WOODLEY AVE,42.26278011787049,-71.15047260541823,"(42.26278011787049, -71.15047260541823)"
212000394,3114,,INVESTIGATE PROPERTY,A7,35,0,2021-01-02 17:50:00,2021,1,Saturday,17,,ORLEANS ST,42.367929674523424,-71.0381222014601,"(42.367929674523424, -71.0381222014601)"
212000415,613,,LARCENY SHOPLIFTING,A1,102,0,2021-01-02 17:54:00,2021,1,Saturday,17,,WASHINGTON ST,42.35591934853282,-71.06000538982026,"(42.35591934853282, -71.06000538982026)"
212000411,1810,,DRUGS - POSSESSION/ SALE/ MANUFACTURING/ USE,C6,200,0,2021-01-02 18:00:00,2021,1,Saturday,18,,W BROADWAY,42.341287504390436,-71.05467932649397,"(42.341287504390436, -71.05467932649397)"
212000439,3304,,NOISY PARTY/RADIO-NO ARREST,A15,900,0,2021-01-02 18:00:00,2021,1,Saturday,18,,WALFORD WAY,42.37837942058838,-71.05537622328112,"(42.37837942058838, -71.05537622328112)"
212000407,1810,,DRUGS - POSSESSION/ SALE/ MANUFACTURING/ USE,A7, ,0,2021-01-02 18:01:00,2021,1,Saturday,18,,"WHITBY ST & FORD ST
BOSTON  MA 02128
UNITED STATES",42.38732600774058,-71.00739203827037,"(42.38732600774058, -71.00739203827037)"
212000400,1810,,DRUGS - POSSESSION/ SALE/ MANUFACTURING/ USE,B3,569,0,2021-01-02 18:10:00,2021,1,Saturday,18,,WOODROW AVE,42.305168878094186,-71.10877688606297,"(42.305168878094186, -71.10877688606297)"
212000397,3831,,M/V - LEAVING SCENE - PROPERTY DAMAGE,A1,123,0,2021-01-02 18:36:00,2021,1,Saturday,18,,WASHINGTON ST,42.34997256219053,-71.06348816860363,"(42.34997256219053, -71.06348816860363)"
212000514,3831,,M/V - LEAVING SCENE - PROPERTY DAMAGE,C11,355,0,2021-01-02 18:44:00,2021,1,Saturday,18,,"40 GIBSON ST
DORCHESTER  MA 02122
UNITED STATES",42.29755532959655,-71.05970910242573,"(42.29755532959655, -71.05970910242573)"
212000401,613,,LARCENY SHOPLIFTING,D4,141,0,2021-01-02 18:58:00,2021,1,Saturday,18,,NEWBURY ST,42.34840576247316,-71.08688338740227,"(42.34840576247316, -71.08688338740227)"
212000953,1402,,VANDALISM,C11,355,0,2021-01-02 19:00:00,2021,1,Saturday,19,,GLEN ST,42.29755532959655,-71.05970910242573,"(42.29755532959655, -71.05970910242573)"
212000419,3115,,INVESTIGATE PERSON,D14,791,0,2021-01-02 19:02:00,2021,1,Saturday,19,,MELVIN AVE,42.34446622176287,-71.14136326850159,"(42.34446622176287, -71.14136326850159)"
212000430,1832,,SICK ASSIST - DRUG RELATED ILLNESS,E5,551,0,2021-01-02 19:10:00,2021,1,Saturday,19,,GLENDOWER RD,42.27562518888287,-71.13142204321531,"(42.27562518888287, -71.13142204321531)"
212000410,3005,,SICK ASSIST,D4,629,0,2021-01-02 19:25:00,2021,1,Saturday,19,,ABERDEEN ST,42.346353442960535,-71.10381809589974,"(42.346353442960535, -71.10381809589974)"
212000409,2610,,TRESPASSING,D4,157,0,2021-01-02 19:31:00,2021,1,Saturday,19,,W CONCORD ST,42.339619618006935,-71.07699236739417,"(42.339619618006935, -71.07699236739417)"
212000404,614,,LARCENY THEFT FROM MV - NON-ACCESSORY,A1,94,0,2021-01-02 19:38:00,2021,1,Saturday,19,,CLINTON ST,42.36067984116042,-71.05482325449019,"(42.36067984116042, -71.05482325449019)"
212000417,3301,,VERBAL DISPUTE,B2,293,0,2021-01-02 19:39:00,2021,1,Saturday,19,,DORR ST,42.32729204832842,-71.091590292055,"(42.32729204832842, -71.091590292055)"
212000436,801,,ASSAULT - SIMPLE,A1,93,0,2021-01-02 19:44:00,2021,1,Saturday,19,,UNION ST,42.36068786991018,-71.05687293370812,"(42.36068786991018, -71.05687293370812)"
212000423,724,,AUTO THEFT,D14,778,0,2021-01-02 19:45:00,2021,1,Saturday,19,,CAMBRIDGE ST,42.34905600030506,-71.15049849975023,"(42.34905600030506, -71.15049849975023)"
212000413,423,,ASSAULT - AGGRAVATED,A1,173,0,2021-01-02 19:48:00,2021,1,Saturday,19,,SUMMER ST,42.35196670915563,-71.05415458831344,"(42.35196670915563, -71.05415458831344)"
212000418,2662,,BALLISTICS EVIDENCE/FOUND,E13,579,1,2021-01-02 19:56:00,2021,1,Saturday,19,,"8 CHESTNUT AVE
JAMAICA PLAIN  MA 02130
UNITED STAT",42.322391227566314,-71.101964483715,"(42.322391227566314, -71.101964483715)"
212000416,2662,,BALLISTICS EVIDENCE/FOUND,E13, ,1,2021-01-02 19:56:00,2021,1,Saturday,19,,"S HUNTINGTON AVE & EVERGREEN ST
JAMAICA PLAIN  MA ",42.32456795851249,-71.11229799676434,"(42.32456795851249, -71.11229799676434)"
212000427,3115,,INVESTIGATE PERSON,C11,339,0,2021-01-02 20:09:00,2021,1,Saturday,20,,CHURCH ST,42.308715753425574,-71.06039096277703,"(42.308715753425574, -71.06039096277703)"
212000425,2604,,EXTORTION OR BLACKMAIL,A7,30,0,2021-01-02 20:20:00,2021,1,Saturday,20,,MAVERICK ST,42.36912984592956,-71.03659529183184,"(42.36912984592956, -71.03659529183184)"
212000424,3112,,LANDLORD - TENANT,E18,485,0,2021-01-02 20:22:00,2021,1,Saturday,20,,CATON ST,42.26535009661567,-71.10057377343661,"(42.26535009661567, -71.10057377343661)"
212000420,613,,LARCENY SHOPLIFTING,C6, ,0,2021-01-02 20:28:00,2021,1,Saturday,20,,MASSACHUSETTS AVE,,,
212000433,3005,,SICK ASSIST,B2,261,0,2021-01-02 20:39:00,2021,1,Saturday,20,,W COTTAGE ST,42.320700883180564,-71.07448582541254,"(42.320700883180564, -71.07448582541254)"
212000428,1832,,SICK ASSIST - DRUG RELATED ILLNESS,D4,130,0,2021-01-02 20:41:00,2021,1,Saturday,20,,SAINT JAMES AVE,42.34947585701251,-71.07640149637847,"(42.34947585701251, -71.07640149637847)"
210020280,3005,,SICK ASSIST,A7,28,0,2021-01-02 20:45:00,2021,1,Saturday,20,,GOVE ST,42.3721588029014,-71.03852378203004,"(42.3721588029014, -71.03852378203004)"
212000429,3005,,SICK ASSIST,A1,110,0,2021-01-02 20:48:00,2021,1,Saturday,20,,PURCHASE ST,42.35484614406167,-71.05266752342813,"(42.35484614406167, -71.05266752342813)"
212000438,619,,LARCENY ALL OTHERS,A1,87,0,2021-01-02 20:48:00,2021,1,Saturday,20,,NORTH ST,42.36559712324837,-71.05162614737436,"(42.36559712324837, -71.05162614737436)"
212000432,2670,,HARASSMENT/ CRIMINAL HARASSMENT,B3,417,0,2021-01-02 20:51:00,2021,1,Saturday,20,,MORA ST,42.28208197671972,-71.07364874515646,"(42.28208197671972, -71.07364874515646)"
212000441,3115,,INVESTIGATE PERSON,A1,173,0,2021-01-02 20:53:00,2021,1,Saturday,20,,"KNEELAND ST & LINCOLN ST
BOSTON  MA 02111
UNITED S",42.349930028502015,-71.05891997292835,"(42.349930028502015, -71.05891997292835)"
212000434,724,,AUTO THEFT,D4,167,0,2021-01-02 21:00:00,2021,1,Saturday,21,,ALBANY ST,42.33954198983014,-71.06940876967543,"(42.33954198983014, -71.06940876967543)"
212000518,724,,AUTO THEFT,C11,253,0,2021-01-02 21:00:00,2021,1,Saturday,21,,EVERETT ST,42.30170123758663,-71.05300561399474,"(42.30170123758663, -71.05300561399474)"
212000446,1402,,VANDALISM,B3,465,0,2021-01-02 21:31:00,2021,1,Saturday,21,,GREENWOOD ST,42.28482576580488,-71.09137368938802,"(42.28482576580488, -71.09137368938802)"
212001362,1402,,VANDALISM,B3,432,0,2021-01-02 22:00:00,2021,1,Saturday,22,,MASCOT ST,42.28424514268372,-71.0845273912437,"(42.28424514268372, -71.0845273912437)"
212000498,614,,LARCENY THEFT FROM MV - NON-ACCESSORY,, ,0,2021-01-02 22:00:00,2021,1,Saturday,22,,"DEWEY ST & DACIA ST
DORCHESTER  MA 02125
UNITED ST",42.31672099024919,-71.07677704660632,"(42.31672099024919, -71.07677704660632)"
212000444,3803,,M/V ACCIDENT - PERSONAL INJURY,C6,199,0,2021-01-02 22:22:00,2021,1,Saturday,22,,DORCHESTER AVE,42.338582007672066,-71.05706781692597,"(42.338582007672066, -71.05706781692597)"
212000451,724,,AUTO THEFT,,465,0,2021-01-02 22:30:00,2021,1,Saturday,22,,BLUE HILL AVE,42.28482576580488,-71.09137368938802,"(42.28482576580488, -71.09137368938802)"
212000455,3005,,SICK ASSIST,B3,453,0,2021-01-02 22:41:00,2021,1,Saturday,22,,ALGONQUIN ST,42.29742411406283,-71.07531357538068,"(42.29742411406283, -71.07531357538068)"
212000601,614,,LARCENY THEFT FROM MV - NON-ACCESSORY,E13,579,0,2021-01-02 23:00:00,2021,1,Saturday,23,,HOFFMAN ST,42.32049640151766,-71.10281105881316,"(42.32049640151766, -71.10281105881316)"
212000449,3114,,INVESTIGATE PROPERTY,B3,481,1,2021-01-02 23:07:00,2021,1,Saturday,23,,CUMMINS HWY,42.26789920007265,-71.09481862174208,"(42.26789920007265, -71.09481862174208)"
212000450,3805,,M/V ACCIDENT - POLICE VEHICLE,B3, ,0,2021-01-02 23:14:00,2021,1,Saturday,23,,"CROSSMAN ST & BABSON ST
MATTAPAN  MA 02126
UNITED ",42.274047010579004,-71.09201794345566,"(42.274047010579004, -71.09201794345566)"
212000456,3803,,M/V ACCIDENT - PERSONAL INJURY,A15, ,0,2021-01-02 23:26:00,2021,1,Saturday,23,,"RUTHERFORD AVE & ARROW ST
CHARLESTOWN  MA 02129
UN",42.372705967125675,-71.06412696337672,"(42.372705967125675, -71.06412696337672)"
212000472,3112,,LANDLORD - TENANT,C11,344,0,2021-01-02 23:41:00,2021,1,Saturday,23,,CORONA ST,42.30146197790324,-71.06895960458517,"(42.30146197790324, -71.06895960458517)"
212000454,3115,,INVESTIGATE PERSON,D4,167,0,2021-01-02 23:42:00,2021,1,Saturday,23,,HARRISON AVE,42.33954198983014,-71.06940876967543,"(42.33954198983014, -71.06940876967543)"
212000459,3402,,"ANIMAL INCIDENTS (DOG BITES, LOST DOG, ETC)",A7,907,0,2021-01-02 23:47:00,2021,1,Saturday,23,,BORDER ST,42.37141060127874,-71.04245069263575,"(42.37141060127874, -71.04245069263575)"
212000799,520,,BURGLARY - RESIDENTIAL,A7,30,0,2021-01-03 00:00:00,2021,1,Sunday,0,,COTTAGE ST,42.370106218431495,-71.03261983638406,"(42.370106218431495, -71.03261983638406)"
212000466,3502,,MISSING PERSON - LOCATED,D4,171,0,2021-01-03 00:00:00,2021,1,Sunday,0,,ALBANY ST,42.334288406594155,-71.07239517543796,"(42.334288406594155, -71.07239517543796)"
212000541,724,,AUTO THEFT,C6,200,0,2021-01-03 00:00:00,2021,1,Sunday,0,,NEWMARKET SQUARE,42.341287504390436,-71.05467932649397,"(42.341287504390436, -71.05467932649397)"
212000539,3801,,M/V ACCIDENT - OTHER,E18,501,0,2021-01-03 00:00:00,2021,1,Sunday,0,,CANTERBURY ST,42.2786878924599,-71.11734429913822,"(42.2786878924599, -71.11734429913822)"
212000457,3501,,MISSING PERSON,D14,939,0,2021-01-03 00:03:00,2021,1,Sunday,0,,FANEUIL ST,42.35555336396721,-71.15274721395072,"(42.35555336396721, -71.15274721395072)"
212000460,3114,,INVESTIGATE PROPERTY,B2,259,0,2021-01-03 00:36:00,2021,1,Sunday,0,,ALEXANDER ST,42.314587087262495,-71.07078302883764,"(42.314587087262495, -71.07078302883764)"
212000458,3114,,INVESTIGATE PROPERTY,E13,307,1,2021-01-03 00:37:00,2021,1,Sunday,0,,WALNUT PARK,42.3152373654385,-71.09596494189753,"(42.3152373654385, -71.09596494189753)"
212000464,801,,ASSAULT - SIMPLE,A7,33,0,2021-01-03 00:47:00,2021,1,Sunday,0,,MAVERICK ST,42.368159175279835,-71.03438534506883,"(42.368159175279835, -71.03438534506883)"
212000468,3304,,NOISY PARTY/RADIO-NO ARREST,B3,476,0,2021-01-03 00:57:00,2021,1,Sunday,0,,BLUE HILL AVE,42.26817397260553,-71.09387677261341,"(42.26817397260553, -71.09387677261341)"
212000467,3502,,MISSING PERSON - LOCATED,B2, ,0,2021-01-03 01:20:00,2021,1,Sunday,1,,"SEAVER ST & ELM HILL AVE
ROXBURY  MA 02121
UNITED ",42.307623036403996,-71.08903397733899,"(42.307623036403996, -71.08903397733899)"
212000471,3006,,SICK/INJURED/MEDICAL - PERSON,D14,815,0,2021-01-03 01:24:00,2021,1,Sunday,1,,FRANKLIN ST,42.35813437131753,-71.13304722474116,"(42.35813437131753, -71.13304722474116)"
212000476,3018,,SICK/INJURED/MEDICAL - POLICE,B3,465,0,2021-01-03 01:39:00,2021,1,Sunday,1,,BLUE HILL AVE,42.28482576580488,-71.09137368938802,"(42.28482576580488, -71.09137368938802)"
212000469,3115,,INVESTIGATE PERSON,E5,691,0,2021-01-03 01:44:00,2021,1,Sunday,1,,RUSSETT RD,42.29099222879264,-71.15072042853251,"(42.29099222879264, -71.15072042853251)"
212000473,3006,,SICK/INJURED/MEDICAL - PERSON,External,481,0,2021-01-03 02:06:00,2021,1,Sunday,2,,WASHINGTON ST,42.268576085972356,-71.09574825689415,"(42.268576085972356, -71.09574825689415)"
212000479,3801,,M/V ACCIDENT - OTHER,C11,462,0,2021-01-03 02:10:00,2021,1,Sunday,2,,ROSSETER ST,42.303765112636476,-71.07484027343392,"(42.303765112636476, -71.07484027343392)"
212000477,3115,,INVESTIGATE PERSON,A7,14,0,2021-01-03 02:16:00,2021,1,Sunday,2,,WORDSWORTH ST,42.38492211715947,-71.01746349605745,"(42.38492211715947, -71.01746349605745)"
212000547,3115,,INVESTIGATE PERSON,B2,183,0,2021-01-03 02:20:00,2021,1,Sunday,2,,CLIFTON ST,42.32095643077081,-71.06992609888918,"(42.32095643077081, -71.06992609888918)"
212000559,3831,,M/V - LEAVING SCENE - PROPERTY DAMAGE,B2,239,0,2021-01-03 02:30:00,2021,1,Sunday,2,,COLUMBIA RD,42.31748189041453,-71.06450703619905,"(42.31748189041453, -71.06450703619905)"
212000474,2905,,VAL - VIOLATION OF AUTO LAW,B2,311,0,2021-01-03 02:30:00,2021,1,Sunday,2,,QUINCY ST,42.315287442713895,-71.08015966677621,"(42.315287442713895, -71.08015966677621)"
212000475,3005,,SICK ASSIST,A15,50,0,2021-01-03 02:34:00,2021,1,Sunday,2,,"CALDWELL ST & MAFFA WAY
CHARLESTOWN  MA 02129
UNIT",42.3858309985971,-71.07755500362997,"(42.3858309985971, -71.07755500362997)"
212001146,3114,,INVESTIGATE PROPERTY,C11,355,0,2021-01-03 03:00:00,2021,1,Sunday,3,,BOWDOIN ST,42.29755532959655,-71.05970910242573,"(42.29755532959655, -71.05970910242573)"
212000481,3410,,TOWED MOTOR VEHICLE,A7,21,0,2021-01-03 03:13:00,2021,1,Sunday,3,,BREMEN ST,42.373461353210665,-71.03356923343568,"(42.373461353210665, -71.03356923343568)"
212000480,1402,,VANDALISM,C11,389,0,2021-01-03 03:15:00,2021,1,Sunday,3,,WRENTHAM ST,42.28258778843751,-71.05595395423657,"(42.28258778843751, -71.05595395423657)"
212000500,3114,,INVESTIGATE PROPERTY,B2,291,0,2021-01-03 03:30:00,2021,1,Sunday,3,,CENTRE ST,42.32820874479473,-71.0953541523958,"(42.32820874479473, -71.0953541523958)"
212000483,3304,,NOISY PARTY/RADIO-NO ARREST,B3,466,0,2021-01-03 05:01:00,2021,1,Sunday,5,,HARVARD ST,42.2874146977289,-71.09443317510897,"(42.2874146977289, -71.09443317510897)"
212000721,3831,,M/V - LEAVING SCENE - PROPERTY DAMAGE,C11,356,0,2021-01-03 05:15:00,2021,1,Sunday,5,,GENEVA AVE,42.298488661543864,-71.06313294177963,"(42.298488661543864, -71.06313294177963)"
212001885,3831,,M/V - LEAVING SCENE - PROPERTY DAMAGE,A1,76,0,2021-01-03 06:00:00,2021,1,Sunday,6,,CANAL ST,42.363945088607956,-71.05942841351614,"(42.363945088607956, -71.05942841351614)"
212000486,3301,,VERBAL DISPUTE,B3,908,0,2021-01-03 06:20:00,2021,1,Sunday,6,,SHANDON RD,42.29611582635473,-71.09121958234245,"(42.29611582635473, -71.09121958234245)"
212000497,1402,,VANDALISM,B3,465,0,2021-01-03 06:45:00,2021,1,Sunday,6,,HANNON ST,42.28482576580488,-71.09137368938802,"(42.28482576580488, -71.09137368938802)"
212000496,3410,,TOWED MOTOR VEHICLE,C6,187,0,2021-01-03 07:06:00,2021,1,Sunday,7,,HOWELL ST,42.32516265114594,-71.05817645593832,"(42.32516265114594, -71.05817645593832)"
212000487,611,,LARCENY PICK-POCKET,A1,112,0,2021-01-03 07:11:00,2021,1,Sunday,7,,AVENUE DE LAFAYETTE,42.35331986722324,-71.06102313858538,"(42.35331986722324, -71.06102313858538)"
212000492,3115,,INVESTIGATE PERSON,A1,81,0,2021-01-03 07:12:00,2021,1,Sunday,7,,MICHELANGELO ST,42.36708889938305,-71.05481065438025,"(42.36708889938305, -71.05481065438025)"
212000489,613,,LARCENY SHOPLIFTING,A1,111,0,2021-01-03 07:24:00,2021,1,Sunday,7,,WASHINGTON ST,42.35272947428534,-71.06256290848422,"(42.35272947428534, -71.06256290848422)"
212000488,3207,,PROPERTY - FOUND,A1,77,0,2021-01-03 07:30:00,2021,1,Sunday,7,,NEW SUDBURY ST,42.361838566564714,-71.05976489094158,"(42.361838566564714, -71.05976489094158)"
212000490,3803,,M/V ACCIDENT - PERSONAL INJURY,E13,608,0,2021-01-03 07:42:00,2021,1,Sunday,7,,S HUNTINGTON AVE,42.32639844264636,-71.11152626308467,"(42.32639844264636, -71.11152626308467)"
212000491,540,,BURGLARY - COMMERICAL,D14, ,0,2021-01-03 08:02:00,2021,1,Sunday,8,,COMMONWEALTH AVE,42.34447228631844,-71.1427388291738,"(42.34447228631844, -71.1427388291738)"
212000494,3410,,TOWED MOTOR VEHICLE,D4,168,0,2021-01-03 08:15:00,2021,1,Sunday,8,,HARRISON AVE,42.33698515204087,-71.07258823205791,"(42.33698515204087, -71.07258823205791)"
212000495,3006,,SICK/INJURED/MEDICAL - PERSON,B2,178,0,2021-01-03 08:58:00,2021,1,Sunday,8,,CHESTERTON ST,42.33010314154461,-71.07090185388698,"(42.33010314154461, -71.07090185388698)"
212000737,617,,LARCENY THEFT FROM BUILDING,D14,796,0,2021-01-03 09:45:00,2021,1,Sunday,9,,COMMONWEALTH AVE,42.35034225898217,-71.12942937364551,"(42.35034225898217, -71.12942937364551)"
212000502,3114,,INVESTIGATE PROPERTY,C6,210,0,2021-01-03 10:14:00,2021,1,Sunday,10,,D ST,42.34529407176001,-71.04319948909264,"(42.34529407176001, -71.04319948909264)"
212000519,3005,,SICK ASSIST,A1,119,0,2021-01-03 10:22:00,2021,1,Sunday,10,,TREMONT ST,42.35594238717985,-71.06258333167791,"(42.35594238717985, -71.06258333167791)"
212000499,727,,AUTO THEFT - LEASED/RENTED VEHICLE,B2,308,0,2021-01-03 10:25:00,2021,1,Sunday,10,,BOWER ST,42.319967577787615,-71.08715021815124,"(42.319967577787615, -71.08715021815124)"
212000531,3115,,INVESTIGATE PERSON,B3,465,0,2021-01-03 10:45:00,2021,1,Sunday,10,,BLUE HILL AVE,42.28482576580488,-71.09137368938802,"(42.28482576580488, -71.09137368938802)"
212000505,3410,,TOWED MOTOR VEHICLE,C6,230,0,2021-01-03 10:45:00,2021,1,Sunday,10,,E SIXTH ST,42.333143831389656,-71.03429265533163,"(42.333143831389656, -71.03429265533163)"
212000507,3004,,INJURY BICYCLE NO M/V INVOLVED,E13,644,0,2021-01-03 10:56:00,2021,1,Sunday,10,,CENTRE ST,42.3088432672111,-71.11935201663117,"(42.3088432672111, -71.11935201663117)"
212000510,3831,,M/V - LEAVING SCENE - PROPERTY DAMAGE,E5,712,0,2021-01-03 11:13:00,2021,1,Sunday,11,,"5175 WASHINGTON ST
WEST ROXBURY  MA 02132
UNITED S",42.262049160023565,-71.156358178569,"(42.262049160023565, -71.156358178569)"